PartyId,CollisionId,PartyNumber,PartyType,IsAtFault,IsOnDutyEmergencyVehicle,IsHitAndRun,AirbagCode,AirbagDescription,SafetyEquipmentCode,SafetyEquipmentDescription,Special Information,Other Associate Factor,Inattention,DirectionOfTravel,StreetOrHighwayName,SpeedLimit,MovementPrecCollCode,MovementPrecCollDescription,SobrietyDrugPhysicalCode1,SobrietyDrugPhysicalDescription1,SobrietyDrugPhysicalCode2,SobrietyDrugPhysicalDescription2,GenderCode,GenderDescription,StatedAge,DriverLicenseClass,DriverLicenseStateCode,RaceCode,RaceDesc,Vehicle1TypeId, Vehicle1TypeDesc, Vehicle1Year,Vehicle1Make,Vehicle1Model,Vehicle1Color,V1IsVehicleTowed,Vehicle2TypeId, Vehicle2TypeDesc, Vehicle2Year,Vehicle2Make,Vehicle2Model,Vehicle2Color,V2IsVehicleTowed,Lane,ThruLanes,TotalLanes,IsDREConducted
854142,458490,4,Driver,True,False,False,L,AIR BAG DEPLOYED,G,OCCUPANT LAP SHOULDER HARNESS USED,CELL PHONE NOT IN USE,ENTERING OR LEAVING RAMP,,N,SAN TOMAS EXPWY,45.0,B,PROCEEDING STRAIGHT,A,HAD NOT BEEN DRINKING,,,F,FEMALE,49.0,U,CA,H,HISPANIC,1.0,PassengerCarStationWagonJeep,2001.0,TOYT,Camry,RED,,,,,,,,,,,,
854141,458490,3,Driver,,False,False,M,AIR BAG NOT DEPLOYED,G,OCCUPANT LAP SHOULDER HARNESS USED,CELL PHONE NOT IN USE,ENTERING OR LEAVING RAMP,,N,SAN TOMAS EXPWY,45.0,H,SLOWING/STOPPING,A,HAD NOT BEEN DRINKING,,,F,FEMALE,34.0,C,CA,A,ASIAN,1.0,PassengerCarStationWagonJeep,2011.0,FORD,Focus,WHI,,,,,,,,,,,,
854140,458490,2,Driver,,False,False,M,AIR BAG NOT DEPLOYED,G,OCCUPANT LAP SHOULDER HARNESS USED,CELL PHONE NOT IN USE,ENTERING OR LEAVING RAMP,,N,SAN TOMAS EXPWY,45.0,B,PROCEEDING STRAIGHT,A,HAD NOT BEEN DRINKING,,,F,FEMALE,75.0,C,CA,O,OTHER,1.0,PassengerCarStationWagonJeep,2005.0,TOYT,Camry,SIL,,,,,,,,,,,,
854139,458490,1,Driver,,False,True,B,UNKNOWN,B,OCCUPANT UNKNOWN,CELL PHONE NOT IN USE,ENTERING OR LEAVING RAMP,,N,SAN TOMAS EXPWY,45.0,B,PROCEEDING STRAIGHT,G,IMPAIRMENT_NOT_KNOWN,,,F,FEMALE,,,,H,HISPANIC,99.0,OtherUnknownHitAndRunDriver,,,,GRN,,,,,,,,,,,,
854084,458465,2,Driver,,False,False,M,AIR BAG NOT DEPLOYED,G,OCCUPANT LAP SHOULDER HARNESS USED,CELL PHONE NOT IN USE,NONE APPARENT,,S,I-280,65.0,A,STOPPED,A,HAD NOT BEEN DRINKING,,,M,MALE,42.0,C,CA,H,HISPANIC,1.0,PassengerCarStationWagonJeep,2014.0,TOYOTA,Prius,WHI,,,,,,,,,,,,
854083,458465,1,Driver,True,False,False,M,AIR BAG NOT DEPLOYED,G,OCCUPANT LAP SHOULDER HARNESS USED,CELL PHONE NOT IN USE,NONE APPARENT,,S,I-280,65.0,B,PROCEEDING STRAIGHT,A,HAD NOT BEEN DRINKING,,,M,MALE,32.0,,,H,HISPANIC,1.0,PassengerCarStationWagonJeep,2012.0,NISSAN,Altima,GRY,,,,,,,,,,,,
854082,458464,2,Driver,,False,False,M,AIR BAG NOT DEPLOYED,G,OCCUPANT LAP SHOULDER HARNESS USED,CELL PHONE NOT IN USE,NONE APPARENT,,N,I-280,65.0,B,PROCEEDING STRAIGHT,A,HAD NOT BEEN DRINKING,,,F,FEMALE,52.0,C,CA,W,WHITE,1.0,PassengerCarStationWagonJeep,2015.0,MERB,S 550,SIL,,,,,,,,,,,,
854081,458464,1,Driver,True,False,False,M,AIR BAG NOT DEPLOYED,G,OCCUPANT LAP SHOULDER HARNESS USED,CELL PHONE NOT IN USE,NONE APPARENT,,N,I-280,65.0,B,PROCEEDING STRAIGHT,A,HAD NOT BEEN DRINKING,,,M,MALE,34.0,F,AZ,W,WHITE,1.0,PassengerCarStationWagonJeep,2004.0,CHRY,PT Cruiser,SIL,,,,,,,,,,,,
853930,458378,2,Driver,,False,False,M,AIR BAG NOT DEPLOYED,G,OCCUPANT LAP SHOULDER HARNESS USED,CELL PHONE NOT IN USE,NONE APPARENT,,W,SR-237,55.0,B,PROCEEDING STRAIGHT,A,HAD NOT BEEN DRINKING,,,M,MALE,24.0,A,CA,O,OTHER,27.0,ThreeOrMoreAxleTruck,2012.0,PTRB,3 axle,BLU,,,,,,,,,,,,
853929,458378,1,Driver,True,False,False,M,AIR BAG NOT DEPLOYED,G,OCCUPANT LAP SHOULDER HARNESS USED,CELL PHONE NOT IN USE,ENTERING OR LEAVING RAMP / NONE APPARENT,,W,SR-237,65.0,P,MERGING,A,HAD NOT BEEN DRINKING,,,F,FEMALE,30.0,C,CA,O,OTHER,1.0,PassengerCarStationWagonJeep,2012.0,HONDA,Accord,SIL,,,,,,,,,,,,
853831,458330,2,Driver,,False,False,M,AIR BAG NOT DEPLOYED,G,OCCUPANT LAP SHOULDER HARNESS USED,CELL PHONE NOT IN USE,NONE APPARENT,,S,I-880 S/B,65.0,B,PROCEEDING STRAIGHT,A,HAD NOT BEEN DRINKING,,,M,MALE,45.0,C,CA,B,BLACK,8.0,MiniVan,2005.0,FORD,E-350,WHI,,,,,,,,,,,,
853830,458330,1,Driver,True,False,False,L,AIR BAG DEPLOYED,G,OCCUPANT LAP SHOULDER HARNESS USED,CELL PHONE HANDHELD IN USE,INATTENTION,CELL PHONE HANDHELD,S,I-880 S/B,65.0,B,PROCEEDING STRAIGHT,A,HAD NOT BEEN DRINKING,,,M,MALE,41.0,C,CA,W,WHITE,22.0,PickupsAndPanels,2009.0,TOYT,Tacoma,WHI,,,,,,,,,,,,
853667,458246,3,Driver,,False,False,M,AIR BAG NOT DEPLOYED,G,OCCUPANT LAP SHOULDER HARNESS USED,CELL PHONE NOT IN USE,NONE APPARENT,,S,SR-87,65.0,B,PROCEEDING STRAIGHT,A,HAD NOT BEEN DRINKING,,,M,MALE,18.0,C,CA,W,WHITE,22.0,PickupsAndPanels,2014.0,TOYO,Tundra,WHT,,,,,,,,,,,,
853666,458246,2,Driver,,False,False,L,AIR BAG DEPLOYED,G,OCCUPANT LAP SHOULDER HARNESS USED,CELL PHONE NOT IN USE,NONE APPARENT,,S,SR-87,65.0,B,PROCEEDING STRAIGHT,A,HAD NOT BEEN DRINKING,,,M,MALE,64.0,C,CA,W,WHITE,1.0,PassengerCarStationWagonJeep,2014.0,TOYO,Camry,SIL,,,,,,,,,,,,
853665,458246,1,Driver,True,False,False,L,AIR BAG DEPLOYED,G,OCCUPANT LAP SHOULDER HARNESS USED,CELL PHONE NOT IN USE,VC SECTION VIOLATED - 22107,,S,SR-87,65.0,R,OTHER,B,HBD-UNDER INFLUENCE,,,M,MALE,39.0,,,H,HISPANIC,1.0,PassengerCarStationWagonJeep,2001.0,FORD,Mustang,SIL,,,,,,,,,,,,
853644,458234,1,Driver,True,False,False,L,AIR BAG DEPLOYED,G,OCCUPANT LAP SHOULDER HARNESS USED,CELL PHONE NOT IN USE,VC SECTION VIOLATED - 22107,,N,US-101,65.0,R,OTHER,B,HBD-UNDER INFLUENCE,,,M,MALE,22.0,C,CA,A,ASIAN,1.0,PassengerCarStationWagonJeep,2004.0,LEXU,LS430,BLK,,,,,,,,,,,,
853219,458017,3,Driver,,False,False,M,AIR BAG NOT DEPLOYED,G,OCCUPANT LAP SHOULDER HARNESS USED,CELL PHONE NOT IN USE,NONE APPARENT,,S,I-880,65.0,B,PROCEEDING STRAIGHT,A,HAD NOT BEEN DRINKING,,,F,FEMALE,55.0,F,MN,W,WHITE,1.0,PassengerCarStationWagonJeep,2016.0,CHRY,300,WHI,,,,,,,,,,,,
853218,458017,2,Driver,,False,False,M,AIR BAG NOT DEPLOYED,G,OCCUPANT LAP SHOULDER HARNESS USED,CELL PHONE NOT IN USE,NONE APPARENT,,S,I-880,65.0,B,PROCEEDING STRAIGHT,A,HAD NOT BEEN DRINKING,,,M,MALE,57.0,C,CA,O,OTHER,22.0,PickupsAndPanels,2009.0,FORD,F150,WHI,,,,,,,,,,,,
853217,458017,1,Driver,True,False,False,L,AIR BAG DEPLOYED,G,OCCUPANT LAP SHOULDER HARNESS USED,CELL PHONE NOT IN USE,NONE APPARENT,,S,I-880,65.0,B,PROCEEDING STRAIGHT,A,HAD NOT BEEN DRINKING,,,F,FEMALE,32.0,C,CA,O,OTHER,1.0,PassengerCarStationWagonJeep,2011.0,BMW,330 Series,RED,,,,,,,,,,,,
853125,457970,2,Driver,,False,False,M,AIR BAG NOT DEPLOYED,G,OCCUPANT LAP SHOULDER HARNESS USED,CELL PHONE NOT IN USE,NONE APPARENT,,S,I-280,65.0,A,STOPPED,A,HAD NOT BEEN DRINKING,,,F,FEMALE,22.0,C,CA,A,ASIAN,1.0,PassengerCarStationWagonJeep,2017.0,HONDA,Accord,BLK,,,,,,,,,,,,
853124,457970,1,Driver,True,False,False,M,AIR BAG NOT DEPLOYED,G,OCCUPANT LAP SHOULDER HARNESS USED,CELL PHONE NOT IN USE,INATTENTION,OTHER,S,I-280,65.0,B,PROCEEDING STRAIGHT,A,HAD NOT BEEN DRINKING,,,M,MALE,22.0,C,CA,A,ASIAN,1.0,PassengerCarStationWagonJeep,1996.0,TOYOTA,Corolla,RED,,,,,,,,,,,,
853001,457902,2,Driver,,False,False,M,AIR BAG NOT DEPLOYED,G,OCCUPANT LAP SHOULDER HARNESS USED,CELL PHONE NOT IN USE,NONE APPARENT,,N,US101,65.0,A,STOPPED,A,HAD NOT BEEN DRINKING,,,M,MALE,42.0,C,CA,H,HISPANIC,22.0,PickupsAndPanels,2014.0,NISSAN,Frontier,BLK,,,,,,,,,,,,
853000,457902,1,Driver,True,False,False,M,AIR BAG NOT DEPLOYED,G,OCCUPANT LAP SHOULDER HARNESS USED,CELL PHONE NOT IN USE,NONE APPARENT,,N,US101,65.0,B,PROCEEDING STRAIGHT,A,HAD NOT BEEN DRINKING,,,F,FEMALE,22.0,C,CA,A,ASIAN,7.0,SportUtilityVehicle,2003.0,TOYO,4RUNNER,WHI,,,,,,,,,,,,
852952,457876,2,Driver,,False,False,M,AIR BAG NOT DEPLOYED,G,OCCUPANT LAP SHOULDER HARNESS USED,CELL PHONE NOT IN USE,NONE APPARENT,,N,US101,65.0,H,SLOWING/STOPPING,A,HAD NOT BEEN DRINKING,,,M,MALE,38.0,,,H,HISPANIC,1.0,PassengerCarStationWagonJeep,1993.0,HOND,Civic,WHI,,,,,,,,,,,,
852951,457876,1,Driver,True,False,False,M,AIR BAG NOT DEPLOYED,G,OCCUPANT LAP SHOULDER HARNESS USED,CELL PHONE NOT IN USE,NONE APPARENT,,N,US101,65.0,B,PROCEEDING STRAIGHT,A,HAD NOT BEEN DRINKING,,,M,MALE,29.0,C,CA,H,HISPANIC,1.0,PassengerCarStationWagonJeep,1991.0,HONDA,Accord,BRN,,,,,,,,,,,,
852840,457818,2,Driver,,False,False,M,AIR BAG NOT DEPLOYED,G,OCCUPANT LAP SHOULDER HARNESS USED,CELL PHONE NOT IN USE,STOP & GO TRAFFIC,,E,SR-237 E/B FROM N FIRST STREET,65.0,A,STOPPED,A,HAD NOT BEEN DRINKING,,,F,FEMALE,42.0,C,CA,O,OTHER,1.0,PassengerCarStationWagonJeep,2006.0,HOND,Civic,BLK,,,,,,,,,,,,
852839,457818,1,Driver,True,False,False,M,AIR BAG NOT DEPLOYED,G,OCCUPANT LAP SHOULDER HARNESS USED,CELL PHONE NOT IN USE,STOP & GO TRAFFIC,,E,SR-237 E/B FROM N FIRST STREET,65.0,B,PROCEEDING STRAIGHT,A,HAD NOT BEEN DRINKING,,,M,MALE,54.0,C,CA,O,OTHER,7.0,SportUtilityVehicle,2017.0,MERZ,GLC300,WHT,,,,,,,,,,,,
852652,457725,1,Driver,True,False,False,L,AIR BAG DEPLOYED,G,OCCUPANT LAP SHOULDER HARNESS USED,CELL PHONE NOT IN USE,NONE APPARENT,,N,US101,65.0,R,OTHER,A,HAD NOT BEEN DRINKING,,,M,MALE,23.0,C,CA,H,HISPANIC,22.0,PickupsAndPanels,2000.0,CHEV,S10,WHI,,,,,,,,,,,,
852463,457625,2,Driver,,False,False,M,AIR BAG NOT DEPLOYED,G,OCCUPANT LAP SHOULDER HARNESS USED,CELL PHONE NOT IN USE,NONE APPARENT,,S,SR-87 S/B,65.0,B,PROCEEDING STRAIGHT,A,HAD NOT BEEN DRINKING,,,F,FEMALE,49.0,C,CA,A,ASIAN,1.0,PassengerCarStationWagonJeep,2013.0,TOYT,Camry,TAN,,,,,,,,,,,,
852462,457625,1,Driver,True,False,False,M,AIR BAG NOT DEPLOYED,G,OCCUPANT LAP SHOULDER HARNESS USED,CELL PHONE NOT IN USE,NONE APPARENT,,S,SR-87 S/B,65.0,B,PROCEEDING STRAIGHT,A,HAD NOT BEEN DRINKING,,,M,MALE,31.0,C,CA,O,OTHER,1.0,PassengerCarStationWagonJeep,2012.0,TOYT,Camry,GRY,,,,,,,,,,,,
852455,457621,3,Driver,,False,False,M,AIR BAG NOT DEPLOYED,G,OCCUPANT LAP SHOULDER HARNESS USED,CELL PHONE NOT IN USE,NONE APPARENT,,S,SR-87,65.0,H,SLOWING/STOPPING,A,HAD NOT BEEN DRINKING,,,M,MALE,17.0,C,CA,W,WHITE,1.0,PassengerCarStationWagonJeep,2007.0,HONDA,Accord,GRY,,,,,,,,,,,,
852454,457621,2,Driver,,False,False,M,AIR BAG NOT DEPLOYED,G,OCCUPANT LAP SHOULDER HARNESS USED,CELL PHONE NOT IN USE,NONE APPARENT,,S,SR-87,65.0,H,SLOWING/STOPPING,A,HAD NOT BEEN DRINKING,,,F,FEMALE,19.0,C,CA,A,ASIAN,1.0,PassengerCarStationWagonJeep,2008.0,TOYO,Camry,WHI,,,,,,,,,,,,
852453,457621,1,Driver,True,False,False,M,AIR BAG NOT DEPLOYED,G,OCCUPANT LAP SHOULDER HARNESS USED,CELL PHONE NOT IN USE,NONE APPARENT,,S,SR-87,65.0,B,PROCEEDING STRAIGHT,A,HAD NOT BEEN DRINKING,,,M,MALE,59.0,C,CA,W,WHITE,22.0,PickupsAndPanels,1987.0,NISS,Pickup,MAR,,,,,,,,,,,,
852222,457497,2,Driver,,False,False,M,AIR BAG NOT DEPLOYED,G,OCCUPANT LAP SHOULDER HARNESS USED,CELL PHONE NOT IN USE,NONE APPARENT,,N,US101,65.0,B,PROCEEDING STRAIGHT,A,HAD NOT BEEN DRINKING,,,M,MALE,18.0,C,CA,H,HISPANIC,22.0,PickupsAndPanels,2017.0,CHEV,Silverado,WHI,,,,,,,,,,,,
852221,457497,1,Driver,True,False,False,M,AIR BAG NOT DEPLOYED,G,OCCUPANT LAP SHOULDER HARNESS USED,CELL PHONE NOT IN USE,NONE APPARENT,,N,US101,65.0,B,PROCEEDING STRAIGHT,A,HAD NOT BEEN DRINKING,,,M,MALE,20.0,C,CA,W,WHITE,1.0,PassengerCarStationWagonJeep,1997.0,BMW,318i,BLU,,,,,,,,,,,,
852180,457473,2,Driver,,False,True,,,,,CELL PHONE NOT IN USE,NONE APPARENT,,N,I-280,65.0,H,SLOWING/STOPPING,G,IMPAIRMENT_NOT_KNOWN,,,,,,,,,,99.0,OtherUnknownHitAndRunDriver,,UNKNOWN,,,,,,,,,,,,,,
852179,457473,1,Driver,True,False,False,M,AIR BAG NOT DEPLOYED,G,OCCUPANT LAP SHOULDER HARNESS USED,CELL PHONE NOT IN USE,NONE APPARENT,,N,I-280,65.0,B,PROCEEDING STRAIGHT,A,HAD NOT BEEN DRINKING,,,M,MALE,56.0,C,CA,H,HISPANIC,22.0,PickupsAndPanels,2004.0,CHEV,Silverado,SIL,,,,,,,,,,,,
852152,457457,2,Driver,,False,False,M,AIR BAG NOT DEPLOYED,G,OCCUPANT LAP SHOULDER HARNESS USED,CELL PHONE NOT IN USE,NONE APPARENT,,N,I-880,65.0,B,PROCEEDING STRAIGHT,A,HAD NOT BEEN DRINKING,,,M,MALE,49.0,C,CA,A,ASIAN,8.0,MiniVan,1999.0,TOYO,Sienna,WHI,,,,,,,,,,,,
852151,457457,1,Driver,True,False,False,P,NOT REQUIRED,W,MOTOR BICYCLE DRIVER WITH HELMET,CELL PHONE NOT IN USE,NONE APPARENT,,N,I-880 N/B,65.0,B,PROCEEDING STRAIGHT,A,HAD NOT BEEN DRINKING,,,M,MALE,24.0,C,CA,W,WHITE,2.0,Motorcycle,2009.0,HONDA,CBR600R,RED,,,,,,,,,,,,
852130,457448,2,Bicyclist,,False,False,P,NOT REQUIRED,V,MOTOR BICYCLE DRIVER NO HELMET,CELL PHONE NOT IN USE,NONE APPARENT,,E,ALUM ROCK AVENUE ,40.0,B,PROCEEDING STRAIGHT,A,HAD NOT BEEN DRINKING,,,M,MALE,,,,W,WHITE,4.0,Bicycle,,KENT,DEL RIO CRUISE,ORG,,,,,,,,,,,,
852129,457448,1,Driver,True,False,True,B,UNKNOWN,B,OCCUPANT UNKNOWN,CELL PHONE NOT IN USE,NONE APPARENT,,E,ALUM ROCK AVENUE,40.0,B,PROCEEDING STRAIGHT,G,IMPAIRMENT_NOT_KNOWN,,,,,,,,,,1.0,PassengerCarStationWagonJeep,,UNKNOWN,,,,,,,,,,,,,,
851730,457254,2,Driver,,False,False,M,AIR BAG NOT DEPLOYED,G,OCCUPANT LAP SHOULDER HARNESS USED,CELL PHONE NOT IN USE,NONE APPARENT,,S,I-280,65.0,H,SLOWING/STOPPING,A,HAD NOT BEEN DRINKING,,,M,MALE,19.0,C,CA,H,HISPANIC,1.0,PassengerCarStationWagonJeep,2016.0,TOYO,FRS,BLK,,,,,,,,,,,,
851729,457254,1,Driver,True,False,False,M,AIR BAG NOT DEPLOYED,G,OCCUPANT LAP SHOULDER HARNESS USED,CELL PHONE NOT IN USE,NONE APPARENT,,S,I-280,65.0,B,PROCEEDING STRAIGHT,A,HAD NOT BEEN DRINKING,,,M,MALE,18.0,C,CA,H,HISPANIC,1.0,PassengerCarStationWagonJeep,1998.0,NISS,Altima,TAN,,,,,,,,,,,,
851466,457117,2,Driver,,False,False,M,AIR BAG NOT DEPLOYED,G,OCCUPANT LAP SHOULDER HARNESS USED,CELL PHONE NOT IN USE,NONE APPARENT,,S,US-101,65.0,B,PROCEEDING STRAIGHT,A,HAD NOT BEEN DRINKING,,,M,MALE,43.0,C,CA,B,BLACK,7.0,SportUtilityVehicle,2005.0,CHEV,Equinox,GLD,,,,,,,,,,,,
851465,457117,1,Driver,True,False,False,M,AIR BAG NOT DEPLOYED,G,OCCUPANT LAP SHOULDER HARNESS USED,CELL PHONE NOT IN USE,NONE APPARENT,,S,US-101,65.0,J,CHANGING LANES,A,HAD NOT BEEN DRINKING,,,F,FEMALE,25.0,,,H,HISPANIC,8.0,MiniVan,1994.0,NISS,Quest,RED,,,,,,,,,,,,
851355,457058,3,Driver,,False,True,B,UNKNOWN,B,OCCUPANT UNKNOWN,CELL PHONE NOT IN USE,NONE APPARENT,,S,I-280,65.0,B,PROCEEDING STRAIGHT,G,IMPAIRMENT_NOT_KNOWN,,,,,,,,,,99.0,OtherUnknownHitAndRunDriver,,UNKNOWN,,,,,,,,,,,,,,
851354,457058,2,Driver,,False,False,L,AIR BAG DEPLOYED,G,OCCUPANT LAP SHOULDER HARNESS USED,CELL PHONE NOT IN USE,NONE APPARENT,,S,I-280,65.0,H,SLOWING/STOPPING,A,HAD NOT BEEN DRINKING,,,F,FEMALE,31.0,C,CA,A,ASIAN,7.0,SportUtilityVehicle,2012.0,HOND,CRV,SIL,,,,,,,,,,,,
851353,457058,1,Driver,True,False,False,M,AIR BAG NOT DEPLOYED,G,OCCUPANT LAP SHOULDER HARNESS USED,CELL PHONE NOT IN USE,NONE APPARENT,,S,I-280,65.0,B,PROCEEDING STRAIGHT,A,HAD NOT BEEN DRINKING,,,M,MALE,26.0,C,CA,H,HISPANIC,22.0,PickupsAndPanels,2006.0,TOYO,Tundra,WHT,,,,,,,,,,,,
851207,456988,2,Driver,,False,False,M,AIR BAG NOT DEPLOYED,G,OCCUPANT LAP SHOULDER HARNESS USED,CELL PHONE NOT IN USE,NONE APPARENT,,S,US101 S/B,65.0,B,PROCEEDING STRAIGHT,A,HAD NOT BEEN DRINKING,,,M,MALE,41.0,C,CA,A,ASIAN,1.0,PassengerCarStationWagonJeep,2012.0,TOYT,PRUIS,BLU,,,,,,,,,,,,
851206,456988,1,Driver,True,False,False,M,AIR BAG NOT DEPLOYED,G,OCCUPANT LAP SHOULDER HARNESS USED,CELL PHONE NOT IN USE,NONE APPARENT,,S,US101 S/B,65.0,B,PROCEEDING STRAIGHT,A,HAD NOT BEEN DRINKING,,,F,FEMALE,31.0,C,CA,A,ASIAN,1.0,PassengerCarStationWagonJeep,2012.0,HOND,Civic,GRY,,,,,,,,,,,,
851187,456977,2,Driver,,False,False,M,AIR BAG NOT DEPLOYED,G,OCCUPANT LAP SHOULDER HARNESS USED,CELL PHONE NOT IN USE,STOP & GO TRAFFIC,,E,MONTAGUE EXPRESSWAY ,45.0,B,PROCEEDING STRAIGHT,A,HAD NOT BEEN DRINKING,,,M,MALE,58.0,C,CA,O,OTHER,22.0,PickupsAndPanels,2004.0,FORD,F-650,WHI,,,,,,,,,,,,
851186,456977,1,Driver,True,False,False,M,AIR BAG NOT DEPLOYED,G,OCCUPANT LAP SHOULDER HARNESS USED,CELL PHONE NOT IN USE,STOP & GO TRAFFIC,,E,MONTAGUE EXPRESSWAY,45.0,J,CHANGING LANES,A,HAD NOT BEEN DRINKING,,,M,MALE,53.0,C,CA,O,OTHER,1.0,PassengerCarStationWagonJeep,2015.0,VOLK,EGOLF,WHI,,,,,,,,,,,,
851169,456967,4,Driver,,False,False,M,AIR BAG NOT DEPLOYED,G,OCCUPANT LAP SHOULDER HARNESS USED,CELL PHONE NOT IN USE,NONE APPARENT,,S,I-280,65.0,A,STOPPED,A,HAD NOT BEEN DRINKING,,,M,MALE,56.0,C,CA,W,WHITE,1.0,PassengerCarStationWagonJeep,2010.0,FORD,Fusion,BLK,,,,,,,,,,,,
851168,456967,3,Driver,,False,False,M,AIR BAG NOT DEPLOYED,G,OCCUPANT LAP SHOULDER HARNESS USED,CELL PHONE NOT IN USE,NONE APPARENT,,S,I-280,65.0,A,STOPPED,A,HAD NOT BEEN DRINKING,,,M,MALE,33.0,C,CA,W,WHITE,1.0,PassengerCarStationWagonJeep,2016.0,TOYT,Prius,BLK,,,,,,,,,,,,
851167,456967,2,Driver,,False,False,M,AIR BAG NOT DEPLOYED,G,OCCUPANT LAP SHOULDER HARNESS USED,CELL PHONE NOT IN USE,NONE APPARENT,,S,I-280,65.0,A,STOPPED,A,HAD NOT BEEN DRINKING,,,M,MALE,29.0,C,CA,H,HISPANIC,1.0,PassengerCarStationWagonJeep,2014.0,CHRS,300,SIL,,,,,,,,,,,,
851166,456967,1,Driver,True,False,False,L,AIR BAG DEPLOYED,G,OCCUPANT LAP SHOULDER HARNESS USED,CELL PHONE NOT IN USE,NONE APPARENT,,S,I-280,65.0,B,PROCEEDING STRAIGHT,A,HAD NOT BEEN DRINKING,,,F,FEMALE,22.0,C,CA,W,WHITE,7.0,SportUtilityVehicle,1998.0,MITS,Montero Sport,RED,,,,,,,,,,,,
851078,456924,2,Driver,,False,False,M,AIR BAG NOT DEPLOYED,G,OCCUPANT LAP SHOULDER HARNESS USED,CELL PHONE NOT IN USE,NONE APPARENT,,N,I-280,65.0,B,PROCEEDING STRAIGHT,A,HAD NOT BEEN DRINKING,,,F,FEMALE,36.0,C,CA,B,BLACK,1.0,PassengerCarStationWagonJeep,2012.0,VOLK,GTI,WHI,,,,,,,,,,,,
851077,456924,1,Driver,True,False,False,M,AIR BAG NOT DEPLOYED,G,OCCUPANT LAP SHOULDER HARNESS USED,CELL PHONE NOT IN USE,NONE APPARENT,,N,I-280,65.0,J,CHANGING LANES,A,HAD NOT BEEN DRINKING,,,M,MALE,21.0,C,CA,H,HISPANIC,1.0,PassengerCarStationWagonJeep,2003.0,NISSAN,350Z,BLU,,,,,,,,,,,,
850950,456860,2,Driver,,False,False,M,AIR BAG NOT DEPLOYED,G,OCCUPANT LAP SHOULDER HARNESS USED,CELL PHONE NOT IN USE,NONE APPARENT,,N,SR-85,65.0,B,PROCEEDING STRAIGHT,A,HAD NOT BEEN DRINKING,,,M,MALE,51.0,F,ID,W,WHITE,7.0,SportUtilityVehicle,2012.0,JEEP,Wrangler,ORG,,,,,,,,,,,,
850949,456860,1,Driver,True,False,False,M,AIR BAG NOT DEPLOYED,G,OCCUPANT LAP SHOULDER HARNESS USED,CELL PHONE NOT IN USE,NONE APPARENT,,N,SR-85,65.0,J,CHANGING LANES,A,HAD NOT BEEN DRINKING,,,M,MALE,24.0,C,CA,H,HISPANIC,1.0,PassengerCarStationWagonJeep,2002.0,DODGE,Neon,SIL,,,,,,,,,,,,
850805,456786,2,Driver,,False,False,L,AIR BAG DEPLOYED,G,OCCUPANT LAP SHOULDER HARNESS USED,CELL PHONE NOT IN USE,PREVIOUS COLLISION,,N,SR-85,65.0,B,PROCEEDING STRAIGHT,A,HAD NOT BEEN DRINKING,,,M,MALE,66.0,C,CA,H,HISPANIC,1.0,PassengerCarStationWagonJeep,2017.0,HOND,Accord,GRY,,,,,,,,,,,,
850804,456786,1,Driver,True,False,False,M,AIR BAG NOT DEPLOYED,G,OCCUPANT LAP SHOULDER HARNESS USED,CELL PHONE NOT IN USE,PREVIOUS COLLISION,,N,SR-85,65.0,J,CHANGING LANES,A,HAD NOT BEEN DRINKING,,,M,MALE,41.0,C,CA,H,HISPANIC,22.0,PickupsAndPanels,2006.0,FORD,F-150,MAR,,,,,,,,,,,,
850633,456695,1,Driver,True,False,True,L,AIR BAG DEPLOYED,P,NOT REQUIRED,CELL PHONE NOT IN USE,ENTERING OR LEAVING RAMP,,S,I-880 N/B,65.0,R,OTHER,G,IMPAIRMENT_NOT_KNOWN,,,,,,,,,,1.0,PassengerCarStationWagonJeep,2016.0,MERB,E350,WHI,,,,,,,,,,,,
850538,456644,2,Driver,,False,False,M,AIR BAG NOT DEPLOYED,G,OCCUPANT LAP SHOULDER HARNESS USED,CELL PHONE NOT IN USE,NONE APPARENT,,S,US-101,65.0,A,STOPPED,A,HAD NOT BEEN DRINKING,,,M,MALE,16.0,C,CA,B,BLACK,1.0,PassengerCarStationWagonJeep,2014.0,FORD,Focus,BLK,,,,,,,,,,,,
850537,456644,1,Driver,True,False,False,M,AIR BAG NOT DEPLOYED,G,OCCUPANT LAP SHOULDER HARNESS USED,CELL PHONE NOT IN USE,NONE APPARENT,,S,US-101,65.0,B,PROCEEDING STRAIGHT,A,HAD NOT BEEN DRINKING,,,M,MALE,88.0,C,CA,W,WHITE,1.0,PassengerCarStationWagonJeep,1998.0,HONDA,Accord,WHT,,,,,,,,,,,,
849543,456122,3,Driver,True,False,False,M,AIR BAG NOT DEPLOYED,G,OCCUPANT LAP SHOULDER HARNESS USED,CELL PHONE NOT IN USE,NONE APPARENT,,N,US-101,65.0,B,PROCEEDING STRAIGHT,A,HAD NOT BEEN DRINKING,,,M,MALE,36.0,C,CA,H,HISPANIC,22.0,PickupsAndPanels,2005.0,FORD,F150,GRY,,,,,,,,,,,,