PartyId,CollisionId,PartyNumber,PartyType,IsAtFault,IsOnDutyEmergencyVehicle,IsHitAndRun,AirbagCode,AirbagDescription,SafetyEquipmentCode,SafetyEquipmentDescription,Special Information,Other Associate Factor,Inattention,DirectionOfTravel,StreetOrHighwayName,SpeedLimit,MovementPrecCollCode,MovementPrecCollDescription,SobrietyDrugPhysicalCode1,SobrietyDrugPhysicalDescription1,SobrietyDrugPhysicalCode2,SobrietyDrugPhysicalDescription2,GenderCode,GenderDescription,StatedAge,DriverLicenseClass,DriverLicenseStateCode,RaceCode,RaceDesc,Vehicle1TypeId, Vehicle1TypeDesc, Vehicle1Year,Vehicle1Make,Vehicle1Model,Vehicle1Color,V1IsVehicleTowed,Vehicle2TypeId, Vehicle2TypeDesc, Vehicle2Year,Vehicle2Make,Vehicle2Model,Vehicle2Color,V2IsVehicleTowed,Lane,ThruLanes,TotalLanes,IsDREConducted
997586,534908,1,Driver,True,False,True,B,UNKNOWN,B,OCCUPANT UNKNOWN,CELL PHONE NOT IN USE,NONE APPARENT,,N,SR-87,65.0,J,CHANGING LANES,G,IMPAIRMENT_NOT_KNOWN,,,,,,,,,,99.0,OtherUnknownHitAndRunDriver,,,,,,,,,,,,,,,,
997559,534894,1,Driver,True,False,False,L,AIR BAG DEPLOYED,G,OCCUPANT LAP SHOULDER HARNESS USED,CELL PHONE NOT IN USE,VC SECTION VIOLATED - 22107,,E,E HILLS DR,25.0,C,RAN OFF ROAD,B,HBD-UNDER INFLUENCE,,,M,MALE,47.0,C,CA,H,HISPANIC,22.0,PickupsAndPanels,2000.0,FORD,F150,WHI,,,,,,,,,,,,
997545,534886,2,Driver,,False,False,P,NOT REQUIRED,G,OCCUPANT LAP SHOULDER HARNESS USED,CELL PHONE NOT IN USE,NONE APPARENT,,N,I-280,65.0,J,CHANGING LANES,A,HAD NOT BEEN DRINKING,,,M,MALE,52.0,A,CA,W,WHITE,27.0,ThreeOrMoreAxleTruck,2014.0,KW,T800,WHI,,32.0,PullTrailer,2003.0,TRKG,,BLK,,,,,
997544,534886,1,Driver,,False,False,M,AIR BAG NOT DEPLOYED,G,OCCUPANT LAP SHOULDER HARNESS USED,CELL PHONE NOT IN USE,NONE APPARENT,,N,I-280,65.0,B,PROCEEDING STRAIGHT,A,HAD NOT BEEN DRINKING,,,F,FEMALE,27.0,C,CA,H,HISPANIC,8.0,MiniVan,2008.0,TOYT,Sienna,SIL,,,,,,,,,,,,
997490,534859,1,Driver,True,False,False,M,AIR BAG NOT DEPLOYED,G,OCCUPANT LAP SHOULDER HARNESS USED,CELL PHONE NOT IN USE,VC SECTION VIOLATED - 22107,,N,US-101 N/B TO BROKAW,65.0,R,OTHER,B,HBD-UNDER INFLUENCE,,,M,MALE,16.0,U,CA,H,HISPANIC,7.0,SportUtilityVehicle,2000.0,HONDA,CRV,BLK,,,,,,,,,,,,
997395,534811,1,Driver,True,False,False,L,AIR BAG DEPLOYED,G,OCCUPANT LAP SHOULDER HARNESS USED,CELL PHONE NOT IN USE,VC SECTION VIOLATED - 22107,,S,I-680,65.0,R,OTHER,B,HBD-UNDER INFLUENCE,,,M,MALE,18.0,U,CA,H,HISPANIC,1.0,PassengerCarStationWagonJeep,1998.0,AUDI,A8,GRN,,,,,,,,,,,,
997325,534781,2,Driver,,False,False,M,AIR BAG NOT DEPLOYED,G,OCCUPANT LAP SHOULDER HARNESS USED,CELL PHONE NOT IN USE,NONE APPARENT,,N,US101,65.0,B,PROCEEDING STRAIGHT,A,HAD NOT BEEN DRINKING,,,M,MALE,25.0,U,CA,H,HISPANIC,1.0,PassengerCarStationWagonJeep,2008.0,HOND,Accord,BLU,,,,,,,,,,,,
997324,534781,1,Driver,True,False,False,M,AIR BAG NOT DEPLOYED,G,OCCUPANT LAP SHOULDER HARNESS USED,CELL PHONE NOT IN USE,VC SECTION VIOLATED - 21658(a),,N,US101,65.0,B,PROCEEDING STRAIGHT,B,HBD-UNDER INFLUENCE,,,M,MALE,25.0,C,CA,H,HISPANIC,1.0,PassengerCarStationWagonJeep,2015.0,TOYT,Corolla,BLK,,,,,,,,,,,,
997051,534647,1,Driver,True,False,False,L,AIR BAG DEPLOYED,G,OCCUPANT LAP SHOULDER HARNESS USED,CELL PHONE NOT IN USE,NONE APPARENT,,N,I-280,65.0,M,OTHER UNSAFE TURNING,A,HAD NOT BEEN DRINKING,,,F,FEMALE,20.0,C,CA,W,WHITE,1.0,PassengerCarStationWagonJeep,2008.0,CHEV,COBOLT,BLK,,,,,,,,,,,,
997050,534646,2,Driver,,False,False,M,AIR BAG NOT DEPLOYED,G,OCCUPANT LAP SHOULDER HARNESS USED,CELL PHONE NOT IN USE,NONE APPARENT,,E,SR-237,65.0,B,PROCEEDING STRAIGHT,A,HAD NOT BEEN DRINKING,,,F,FEMALE,31.0,F,NY,W,WHITE,1.0,PassengerCarStationWagonJeep,2017.0,NISS,Sentra,WHI,,,,,,,,,,,,
997049,534646,1,Driver,,False,False,M,AIR BAG NOT DEPLOYED,G,OCCUPANT LAP SHOULDER HARNESS USED,CELL PHONE NOT IN USE,NONE APPARENT,,E,SR-237,65.0,B,PROCEEDING STRAIGHT,A,HAD NOT BEEN DRINKING,,,F,FEMALE,,C,CA,A,ASIAN,1.0,PassengerCarStationWagonJeep,2013.0,TOYT,Avalon,SIL,,,,,,,,,,,,
997045,534643,2,Driver,,False,False,M,AIR BAG NOT DEPLOYED,G,OCCUPANT LAP SHOULDER HARNESS USED,CELL PHONE NOT IN USE,NONE APPARENT,,S,US-101,65.0,A,STOPPED,A,HAD NOT BEEN DRINKING,,,M,MALE,29.0,F,BC,A,ASIAN,1.0,PassengerCarStationWagonJeep,2017.0,BMW,440I,BLK,,,,,,,,,,,,
997044,534643,1,Driver,True,False,False,M,AIR BAG NOT DEPLOYED,G,OCCUPANT LAP SHOULDER HARNESS USED,CELL PHONE NOT IN USE,NONE APPARENT,,S,US-101,65.0,B,PROCEEDING STRAIGHT,A,HAD NOT BEEN DRINKING,,,M,MALE,33.0,C,CA,H,HISPANIC,22.0,PickupsAndPanels,2016.0,FORD,F350,WHI,,,,,,,,,,,,
997043,534642,2,Driver,,False,False,M,AIR BAG NOT DEPLOYED,G,OCCUPANT LAP SHOULDER HARNESS USED,CELL PHONE NOT IN USE,NONE APPARENT,,N,US-101,65.0,H,SLOWING/STOPPING,A,HAD NOT BEEN DRINKING,,,F,FEMALE,37.0,C,CA,A,ASIAN,1.0,PassengerCarStationWagonJeep,2007.0,HOND,Accord,WHI,,,,,,,,,,,,
997042,534642,1,Driver,True,False,False,L,AIR BAG DEPLOYED,G,OCCUPANT LAP SHOULDER HARNESS USED,CELL PHONE NOT IN USE,NONE APPARENT,,N,US-101,65.0,B,PROCEEDING STRAIGHT,A,HAD NOT BEEN DRINKING,,,M,MALE,31.0,F,IT,W,WHITE,7.0,SportUtilityVehicle,2017.0,JEEP,Compass,BLK,,,,,,,,,,,,
997041,534641,2,Driver,,False,False,M,AIR BAG NOT DEPLOYED,G,OCCUPANT LAP SHOULDER HARNESS USED,CELL PHONE NOT IN USE,NONE APPARENT,,S,101,65.0,A,STOPPED,A,HAD NOT BEEN DRINKING,,,M,MALE,50.0,C,CA,A,ASIAN,1.0,PassengerCarStationWagonJeep,2000.0,HONDA,Civic,BLK,,,,,,,,,,,,
997040,534641,1,Driver,True,False,False,M,AIR BAG NOT DEPLOYED,G,OCCUPANT LAP SHOULDER HARNESS USED,CELL PHONE NOT IN USE,NONE APPARENT,,S,101,65.0,H,SLOWING/STOPPING,A,HAD NOT BEEN DRINKING,,,M,MALE,25.0,C,CA,A,ASIAN,1.0,PassengerCarStationWagonJeep,2013.0,VOLK,CC,GRY,,,,,,,,,,,,
997031,534635,2,Driver,,False,False,M,AIR BAG NOT DEPLOYED,G,OCCUPANT LAP SHOULDER HARNESS USED,CELL PHONE NOT IN USE,NONE APPARENT,,N,I-280,65.0,B,PROCEEDING STRAIGHT,A,HAD NOT BEEN DRINKING,,,M,MALE,25.0,C,CA,A,ASIAN,1.0,PassengerCarStationWagonJeep,2017.0,HONDA,Civic,/BLA,,,,,,,,,,,,
997030,534635,1,Driver,True,False,False,M,AIR BAG NOT DEPLOYED,G,OCCUPANT LAP SHOULDER HARNESS USED,CELL PHONE NOT IN USE,NONE APPARENT,,N,I-280,65.0,M,OTHER UNSAFE TURNING,A,HAD NOT BEEN DRINKING,,,M,MALE,19.0,,,H,HISPANIC,1.0,PassengerCarStationWagonJeep,1996.0,NISSAN,Maxima,SIL,,,,,,,,,,,,
997029,534634,4,Driver,,False,False,M,AIR BAG NOT DEPLOYED,G,OCCUPANT LAP SHOULDER HARNESS USED,CELL PHONE NOT IN USE,NONE APPARENT,,N,I-880,65.0,A,STOPPED,A,HAD NOT BEEN DRINKING,,,M,MALE,44.0,C,CA,W,WHITE,1.0,PassengerCarStationWagonJeep,2015.0,HOND,Accord,GLD,,,,,,,,,,,,
997028,534634,3,Driver,,False,False,M,AIR BAG NOT DEPLOYED,G,OCCUPANT LAP SHOULDER HARNESS USED,CELL PHONE NOT IN USE,NONE APPARENT,,N,I-880,65.0,H,SLOWING/STOPPING,A,HAD NOT BEEN DRINKING,,,M,MALE,65.0,C,CA,W,WHITE,7.0,SportUtilityVehicle,2005.0,TOYO,4RUNNER,SIL,,,,,,,,,,,,
997027,534634,2,Driver,,False,False,M,AIR BAG NOT DEPLOYED,G,OCCUPANT LAP SHOULDER HARNESS USED,CELL PHONE NOT IN USE,NONE APPARENT,,N,I-880,65.0,B,PROCEEDING STRAIGHT,A,HAD NOT BEEN DRINKING,,,M,MALE,35.0,C,CA,O,OTHER,1.0,PassengerCarStationWagonJeep,2006.0,BMW,325i,GRY,,,,,,,,,,,,
997026,534634,1,Driver,True,False,False,M,AIR BAG NOT DEPLOYED,G,OCCUPANT LAP SHOULDER HARNESS USED,CELL PHONE NOT IN USE,NONE APPARENT,,N,I-880,65.0,B,PROCEEDING STRAIGHT,A,HAD NOT BEEN DRINKING,,,F,FEMALE,34.0,,,H,HISPANIC,1.0,PassengerCarStationWagonJeep,1993.0,TOYO,Corolla,SIL,,,,,,,,,,,,
995952,534107,2,Driver,,False,False,M,AIR BAG NOT DEPLOYED,G,OCCUPANT LAP SHOULDER HARNESS USED,CELL PHONE NOT IN USE,STOP & GO TRAFFIC,,N,SR-87,65.0,A,STOPPED,A,HAD NOT BEEN DRINKING,,,F,FEMALE,41.0,C,CA,W,WHITE,1.0,PassengerCarStationWagonJeep,2016.0,TOYOTA,Camry,WHI,,,,,,,,,,,,
995951,534107,1,Driver,True,False,False,M,AIR BAG NOT DEPLOYED,G,OCCUPANT LAP SHOULDER HARNESS USED,CELL PHONE NOT IN USE,STOP & GO TRAFFIC,,N,SR-87,65.0,B,PROCEEDING STRAIGHT,A,HAD NOT BEEN DRINKING,,,M,MALE,22.0,C,CA,H,HISPANIC,1.0,PassengerCarStationWagonJeep,1994.0,TOYOTA,Corolla,GRN,,,,,,,,,,,,
995884,534072,2,Driver,,False,False,M,AIR BAG NOT DEPLOYED,G,OCCUPANT LAP SHOULDER HARNESS USED,CELL PHONE NOT IN USE,NONE APPARENT,,N,US-101,65.0,A,STOPPED,A,HAD NOT BEEN DRINKING,,,F,FEMALE,55.0,C,CA,B,BLACK,1.0,PassengerCarStationWagonJeep,2004.0,HONDA,Accord,GRY,,,,,,,,,,,,
995883,534072,1,Driver,True,False,False,M,AIR BAG NOT DEPLOYED,G,OCCUPANT LAP SHOULDER HARNESS USED,CELL PHONE NOT IN USE,NONE APPARENT,,N,US-101,65.0,J,CHANGING LANES,A,HAD NOT BEEN DRINKING,,,M,MALE,27.0,C,CA,H,HISPANIC,7.0,SportUtilityVehicle,1996.0,TOYOTA,4RUNNER,BLK,,,,,,,,,,,,
995850,534055,1,Driver,True,False,False,L,AIR BAG DEPLOYED,G,OCCUPANT LAP SHOULDER HARNESS USED,CELL PHONE NOT IN USE,VC SECTION VIOLATED - 22350 / NONE APPARENT,,N,I-880,65.0,B,PROCEEDING STRAIGHT,B,HBD-UNDER INFLUENCE,,,M,MALE,26.0,U,CA,W,WHITE,1.0,PassengerCarStationWagonJeep,2014.0,TOYO,Corolla,BLU,,,,,,,,,,,,
995823,534041,2,Driver,,False,False,M,AIR BAG NOT DEPLOYED,G,OCCUPANT LAP SHOULDER HARNESS USED,CELL PHONE NOT IN USE,NONE APPARENT,,N,SR-17,65.0,A,STOPPED,A,HAD NOT BEEN DRINKING,,,M,MALE,,C,CA,W,WHITE,22.0,PickupsAndPanels,1997.0,CHEV,3500,WHI,,,,,,,,,,,,
995822,534041,1,Driver,True,False,False,M,AIR BAG NOT DEPLOYED,G,OCCUPANT LAP SHOULDER HARNESS USED,CELL PHONE NOT IN USE,NONE APPARENT,,N,SR-17 N/B,65.0,B,PROCEEDING STRAIGHT,G,IMPAIRMENT_NOT_KNOWN,,,F,FEMALE,37.0,C,CA,W,WHITE,22.0,PickupsAndPanels,2011.0,FORD,F-150,BLK,,,,,,,,,,,,
995719,533985,1,Driver,True,False,False,M,AIR BAG NOT DEPLOYED,G,OCCUPANT LAP SHOULDER HARNESS USED,CELL PHONE NOT IN USE,NONE APPARENT,,S,SR-85 S/B,55.0,R,OTHER,A,HAD NOT BEEN DRINKING,,,M,MALE,41.0,C,CA,H,HISPANIC,22.0,PickupsAndPanels,2001.0,FORD,F150,WHT,,35.0,UtilityTrailer,2014.0,WALTON, TRAILOR,BLK,,,,,
995588,533921,2,Driver,,False,False,M,AIR BAG NOT DEPLOYED,G,OCCUPANT LAP SHOULDER HARNESS USED,CELL PHONE NOT IN USE,NONE APPARENT,,S,I-880,65.0,B,PROCEEDING STRAIGHT,A,HAD NOT BEEN DRINKING,,,F,FEMALE,56.0,C,CA,A,ASIAN,1.0,PassengerCarStationWagonJeep,2003.0,HOND,Accord,GRY,,,,,,,,,,,,
995587,533921,1,Driver,True,False,False,M,AIR BAG NOT DEPLOYED,G,OCCUPANT LAP SHOULDER HARNESS USED,CELL PHONE NOT IN USE,NONE APPARENT,,S,I-880,65.0,B,PROCEEDING STRAIGHT,A,HAD NOT BEEN DRINKING,,,F,FEMALE,31.0,C,CA,A,ASIAN,8.0,MiniVan,2005.0,TOYO,Sienna,TAN,,,,,,,,,,,,
995567,533911,2,Driver,,False,False,L,AIR BAG DEPLOYED,G,OCCUPANT LAP SHOULDER HARNESS USED,CELL PHONE NOT IN USE,NONE APPARENT,,S,I-280,65.0,B,PROCEEDING STRAIGHT,A,HAD NOT BEEN DRINKING,,,F,FEMALE,26.0,C,CA,A,ASIAN,1.0,PassengerCarStationWagonJeep,2016.0,BMW,328 i,BLK,,,,,,,,,,,,
995566,533911,1,Driver,True,False,False,M,AIR BAG NOT DEPLOYED,G,OCCUPANT LAP SHOULDER HARNESS USED,CELL PHONE NOT IN USE,NONE APPARENT,,S,I-280,65.0,J,CHANGING LANES,A,HAD NOT BEEN DRINKING,,,M,MALE,30.0,C,CA,W,WHITE,1.0,PassengerCarStationWagonJeep,2014.0,VOLKSWAG,Jetta,BLU,,,,,,,,,,,,
995542,533897,2,Driver,,False,False,L,AIR BAG DEPLOYED,G,OCCUPANT LAP SHOULDER HARNESS USED,CELL PHONE NOT IN USE,NONE APPARENT,,N,SR-87,65.0,B,PROCEEDING STRAIGHT,A,HAD NOT BEEN DRINKING,,,F,FEMALE,41.0,C,CA,H,HISPANIC,1.0,PassengerCarStationWagonJeep,1999.0,MITS,Mirage,RED,,,,,,,,,,,,
995541,533897,1,Driver,True,False,True,B,UNKNOWN,B,OCCUPANT UNKNOWN,CELL PHONE NOT IN USE,NONE APPARENT,,N,SR-87,65.0,J,CHANGING LANES,G,IMPAIRMENT_NOT_KNOWN,,,,,,,,,,99.0,OtherUnknownHitAndRunDriver,,,,,,,,,,,,,,,,
995517,533884,2,Driver,,False,False,M,AIR BAG NOT DEPLOYED,G,OCCUPANT LAP SHOULDER HARNESS USED,CELL PHONE NOT IN USE,NONE APPARENT,,N,SR-87,65.0,H,SLOWING/STOPPING,A,HAD NOT BEEN DRINKING,,,F,FEMALE,71.0,C,CA,H,HISPANIC,1.0,PassengerCarStationWagonJeep,1999.0,VOLVO,S70,GRA,,,,,,,,,,,,
995516,533884,1,Driver,True,False,False,M,AIR BAG NOT DEPLOYED,G,OCCUPANT LAP SHOULDER HARNESS USED,CELL PHONE NOT IN USE,NONE APPARENT,,N,SR-87,65.0,B,PROCEEDING STRAIGHT,A,HAD NOT BEEN DRINKING,,,F,FEMALE,17.0,C,CA,W,WHITE,1.0,PassengerCarStationWagonJeep,2005.0,TOYO,Corolla,BLU,,,,,,,,,,,,
995377,533810,2,Driver,,False,False,M,AIR BAG NOT DEPLOYED,G,OCCUPANT LAP SHOULDER HARNESS USED,CELL PHONE NOT IN USE,STOP & GO TRAFFIC,,N,I-680,65.0,A,STOPPED,A,HAD NOT BEEN DRINKING,,,M,MALE,32.0,C,CA,W,WHITE,22.0,PickupsAndPanels,2010.0,FORD,Ranger,WHI,,,,,,,,,,,,
995376,533810,1,Driver,True,False,False,M,AIR BAG NOT DEPLOYED,G,OCCUPANT LAP SHOULDER HARNESS USED,CELL PHONE NOT IN USE,STOP & GO TRAFFIC,,N,I-680,65.0,B,PROCEEDING STRAIGHT,A,HAD NOT BEEN DRINKING,,,M,MALE,24.0,C,CA,H,HISPANIC,1.0,PassengerCarStationWagonJeep,2002.0,FORD,Mustang,RED,,,,,,,,,,,,
995369,533805,2,Driver,,False,False,M,AIR BAG NOT DEPLOYED,G,OCCUPANT LAP SHOULDER HARNESS USED,CELL PHONE NOT IN USE,NONE APPARENT,,N,I-680,65.0,A,STOPPED,A,HAD NOT BEEN DRINKING,,,M,MALE,49.0,C,CA,A,ASIAN,1.0,PassengerCarStationWagonJeep,2013.0,TOYT,Corolla,BLU,,,,,,,,,,,,
995368,533805,1,Driver,True,False,True,B,UNKNOWN,B,OCCUPANT UNKNOWN,CELL PHONE NOT IN USE,NONE APPARENT,,N,I-680,65.0,B,PROCEEDING STRAIGHT,G,IMPAIRMENT_NOT_KNOWN,,,X,NON-BINARY,,,,,,99.0,OtherUnknownHitAndRunDriver,,,,,,,,,,,,,,,,
995352,533795,2,Driver,,False,False,M,AIR BAG NOT DEPLOYED,G,OCCUPANT LAP SHOULDER HARNESS USED,CELL PHONE NOT IN USE,NONE APPARENT,,S,SR-85,65.0,H,SLOWING/STOPPING,A,HAD NOT BEEN DRINKING,,,M,MALE,56.0,C,CA,W,WHITE,7.0,SportUtilityVehicle,2016.0,MAZDA,CX-5,WHI,,,,,,,,,,,,
995351,533795,1,Driver,True,False,False,M,AIR BAG NOT DEPLOYED,G,OCCUPANT LAP SHOULDER HARNESS USED,CELL PHONE NOT IN USE,NONE APPARENT,,S,SR-85,65.0,B,PROCEEDING STRAIGHT,A,HAD NOT BEEN DRINKING,,,M,MALE,61.0,C,CA,W,WHITE,1.0,PassengerCarStationWagonJeep,2011.0,BMW,328i,BLK,,,,,,,,,,,,
995293,533763,2,Driver,,False,False,P,NOT REQUIRED,G,OCCUPANT LAP SHOULDER HARNESS USED,CELL PHONE NOT IN USE,NONE APPARENT,,N,I-880,65.0,B,PROCEEDING STRAIGHT,A,HAD NOT BEEN DRINKING,,,M,MALE,21.0,A,CA,O,OTHER,27.0,ThreeOrMoreAxleTruck,2006.0,PTRB,DUMP TRUCK,WHI,,,,,,,,,,,,
995292,533763,1,Driver,True,False,False,M,AIR BAG NOT DEPLOYED,G,OCCUPANT LAP SHOULDER HARNESS USED,CELL PHONE NOT IN USE,NONE APPARENT,,N,I-880,65.0,J,CHANGING LANES,A,HAD NOT BEEN DRINKING,,,M,MALE,46.0,C,CA,O,OTHER,1.0,PassengerCarStationWagonJeep,2010.0,TOYT,Prius,WHI,,,,,,,,,,,,
995276,533753,2,Driver,,False,False,M,AIR BAG NOT DEPLOYED,G,OCCUPANT LAP SHOULDER HARNESS USED,CELL PHONE NOT IN USE,NONE APPARENT,,S,I-280,65.0,A,STOPPED,A,HAD NOT BEEN DRINKING,,,M,MALE,60.0,C,CA,H,HISPANIC,1.0,PassengerCarStationWagonJeep,1990.0,NISS,Maxima,TAN,,,,,,,,,,,,
995275,533753,1,Driver,True,False,False,M,AIR BAG NOT DEPLOYED,G,OCCUPANT LAP SHOULDER HARNESS USED,CELL PHONE NOT IN USE,NONE APPARENT,,S,I-280,65.0,H,SLOWING/STOPPING,A,HAD NOT BEEN DRINKING,,,M,MALE,18.0,,,H,HISPANIC,1.0,PassengerCarStationWagonJeep,1997.0,TOYT,Paseo,GRN,,,,,,,,,,,,
995255,533743,3,Driver,,False,False,M,AIR BAG NOT DEPLOYED,G,OCCUPANT LAP SHOULDER HARNESS USED,CELL PHONE NOT IN USE,STOP & GO TRAFFIC,,N,SR-87,65.0,A,STOPPED,A,HAD NOT BEEN DRINKING,,,F,FEMALE,37.0,C,CA,W,WHITE,1.0,PassengerCarStationWagonJeep,2012.0,TOYOTA,Prius,WHI,,,,,,,,,,,,
995254,533743,2,Driver,,False,False,M,AIR BAG NOT DEPLOYED,G,OCCUPANT LAP SHOULDER HARNESS USED,CELL PHONE NOT IN USE,STOP & GO TRAFFIC,,N,SR-87,65.0,A,STOPPED,A,HAD NOT BEEN DRINKING,,,F,FEMALE,42.0,C,CA,A,ASIAN,1.0,PassengerCarStationWagonJeep,2008.0,HONDA,Civic,RED,,,,,,,,,,,,
995253,533743,1,Driver,True,False,False,M,AIR BAG NOT DEPLOYED,G,OCCUPANT LAP SHOULDER HARNESS USED,CELL PHONE NOT IN USE,STOP & GO TRAFFIC,,N,SR-87,65.0,B,PROCEEDING STRAIGHT,A,HAD NOT BEEN DRINKING,,,M,MALE,23.0,C,CA,W,WHITE,1.0,PassengerCarStationWagonJeep,2017.0,BMW,320i,BLU,,,,,,,,,,,,
995246,533739,2,Driver,,False,False,M,AIR BAG NOT DEPLOYED,G,OCCUPANT LAP SHOULDER HARNESS USED,CELL PHONE NOT IN USE,NONE APPARENT,,N,US-101,65.0,B,PROCEEDING STRAIGHT,A,HAD NOT BEEN DRINKING,,,M,MALE,29.0,C,CA,A,ASIAN,1.0,PassengerCarStationWagonJeep,2013.0,TOYO,Prius,WHI,,,,,,,,,,,,
995245,533739,1,Driver,True,False,False,M,AIR BAG NOT DEPLOYED,G,OCCUPANT LAP SHOULDER HARNESS USED,CELL PHONE NOT IN USE,NONE APPARENT,,N,US-101,65.0,B,PROCEEDING STRAIGHT,A,HAD NOT BEEN DRINKING,,,F,FEMALE,34.0,C,CA,H,HISPANIC,1.0,PassengerCarStationWagonJeep,2005.0,MERZ,230,WHI,,,,,,,,,,,,
1014710,543579,2,Driver,,False,False,M,AIR BAG NOT DEPLOYED,G,OCCUPANT LAP SHOULDER HARNESS USED,CELL PHONE NOT IN USE,NONE APPARENT,,S,I-280,65.0,A,STOPPED,A,HAD NOT BEEN DRINKING,,,M,MALE,20.0,C,CA,H,HISPANIC,1.0,PassengerCarStationWagonJeep,2005.0,VOLK,Golf,BLK,,,,,,,,,,,,
1014709,543579,1,Driver,True,False,False,M,AIR BAG NOT DEPLOYED,G,OCCUPANT LAP SHOULDER HARNESS USED,CELL PHONE NOT IN USE,NONE APPARENT,,S,I-280,65.0,B,PROCEEDING STRAIGHT,A,HAD NOT BEEN DRINKING,,,M,MALE,32.0,,,H,HISPANIC,8.0,MiniVan,1992.0,GMC,Safari,BLK,,,,,,,,,,,,
1014663,543557,2,Driver,,False,False,M,AIR BAG NOT DEPLOYED,G,OCCUPANT LAP SHOULDER HARNESS USED,CELL PHONE NOT IN USE,NONE APPARENT,,N,US101,65.0,H,SLOWING/STOPPING,A,HAD NOT BEEN DRINKING,,,F,FEMALE,43.0,C,CA,A,ASIAN,1.0,PassengerCarStationWagonJeep,1999.0,TOYO,Camry,GLD,,,,,,,,,,,,
1014662,543557,1,Driver,True,False,False,M,AIR BAG NOT DEPLOYED,G,OCCUPANT LAP SHOULDER HARNESS USED,CELL PHONE NOT IN USE,NONE APPARENT,,N,US101,65.0,B,PROCEEDING STRAIGHT,A,HAD NOT BEEN DRINKING,,,M,MALE,25.0,C,CA,H,HISPANIC,7.0,SportUtilityVehicle,1998.0,JEEP,Cherokee,GLD,,,,,,,,,,,,
1014640,543542,2,Driver,,False,False,M,AIR BAG NOT DEPLOYED,G,OCCUPANT LAP SHOULDER HARNESS USED,CELL PHONE NOT IN USE,NONE APPARENT,,S,I-880,65.0,B,PROCEEDING STRAIGHT,A,HAD NOT BEEN DRINKING,,,M,MALE,25.0,C,CA,H,HISPANIC,1.0,PassengerCarStationWagonJeep,2001.0,LEXS,IS300,BLU,,,,,,,,,,,,
1014639,543542,1,Driver,True,False,False,M,AIR BAG NOT DEPLOYED,G,OCCUPANT LAP SHOULDER HARNESS USED,CELL PHONE NOT IN USE,NONE APPARENT,,S,I-880,65.0,J,CHANGING LANES,A,HAD NOT BEEN DRINKING,,,M,MALE,57.0,C,CA,W,WHITE,1.0,PassengerCarStationWagonJeep,2009.0,BMW,328 i,RED,,,,,,,,,,,,
1014636,543540,2,Driver,,False,False,M,AIR BAG NOT DEPLOYED,G,OCCUPANT LAP SHOULDER HARNESS USED,CELL PHONE NOT IN USE,NONE APPARENT,,N,I-280,65.0,B,PROCEEDING STRAIGHT,A,HAD NOT BEEN DRINKING,,,F,FEMALE,55.0,C,CA,A,ASIAN,1.0,PassengerCarStationWagonJeep,2013.0,NISSAN,Altima,SIL,,,,,,,,,,,,
1014635,543540,1,Driver,True,False,False,M,AIR BAG NOT DEPLOYED,G,OCCUPANT LAP SHOULDER HARNESS USED,CELL PHONE NOT IN USE,NONE APPARENT,,N,I-280,65.0,R,OTHER,A,HAD NOT BEEN DRINKING,,,F,FEMALE,31.0,U,CA,W,WHITE,1.0,PassengerCarStationWagonJeep,1998.0,HONDA,Civic,SIL,,,,,,,,,,,,
1014611,543526,2,Driver,,False,False,M,AIR BAG NOT DEPLOYED,G,OCCUPANT LAP SHOULDER HARNESS USED,CELL PHONE NOT IN USE,NONE APPARENT,,S,I-880,65.0,H,SLOWING/STOPPING,A,HAD NOT BEEN DRINKING,,,M,MALE,47.0,C,CA,O,OTHER,8.0,MiniVan,2011.0,TOYO,Sienna,SIL,,,,,,,,,,,,
1014610,543526,1,Driver,True,False,False,L,AIR BAG DEPLOYED,G,OCCUPANT LAP SHOULDER HARNESS USED,CELL PHONE NOT IN USE,NONE APPARENT,,S,I-880,65.0,B,PROCEEDING STRAIGHT,A,HAD NOT BEEN DRINKING,,,M,MALE,58.0,C,CA,O,OTHER,1.0,PassengerCarStationWagonJeep,2015.0,TOYO,Camry,BLK,,,,,,,,,,,,
1014451,543445,1,Driver,True,False,False,M,AIR BAG NOT DEPLOYED,G,OCCUPANT LAP SHOULDER HARNESS USED,CELL PHONE NOT IN USE,VC SECTION VIOLATED - 22350,,S,US-101,65.0,R,OTHER,A,HAD NOT BEEN DRINKING,,,M,MALE,19.0,,,H,HISPANIC,1.0,PassengerCarStationWagonJeep,2004.0,NISS,Sentra,BLK,,,,,,,,,,,,
1014299,543368,2,Driver,,False,False,M,AIR BAG NOT DEPLOYED,G,OCCUPANT LAP SHOULDER HARNESS USED,CELL PHONE NOT IN USE,NONE APPARENT,,S,I-880,65.0,B,PROCEEDING STRAIGHT,A,HAD NOT BEEN DRINKING,,,M,MALE,23.0,C,CA,A,ASIAN,1.0,PassengerCarStationWagonJeep,2010.0,TOYT,Prius,WHI,,,,,,,,,,,,