PartyId,CollisionId,PartyNumber,PartyType,IsAtFault,IsOnDutyEmergencyVehicle,IsHitAndRun,AirbagCode,AirbagDescription,SafetyEquipmentCode,SafetyEquipmentDescription,Special Information,Other Associate Factor,Inattention,DirectionOfTravel,StreetOrHighwayName,SpeedLimit,MovementPrecCollCode,MovementPrecCollDescription,SobrietyDrugPhysicalCode1,SobrietyDrugPhysicalDescription1,SobrietyDrugPhysicalCode2,SobrietyDrugPhysicalDescription2,GenderCode,GenderDescription,StatedAge,DriverLicenseClass,DriverLicenseStateCode,RaceCode,RaceDesc,Vehicle1TypeId, Vehicle1TypeDesc, Vehicle1Year,Vehicle1Make,Vehicle1Model,Vehicle1Color,V1IsVehicleTowed,Vehicle2TypeId, Vehicle2TypeDesc, Vehicle2Year,Vehicle2Make,Vehicle2Model,Vehicle2Color,V2IsVehicleTowed,Lane,ThruLanes,TotalLanes,IsDREConducted
1046432,560024,1,Driver,True,False,True,B,UNKNOWN,B,OCCUPANT UNKNOWN,CELL PHONE NOT IN USE,NONE APPARENT,,N,SR-85,65.0,B,PROCEEDING STRAIGHT,G,IMPAIRMENT_NOT_KNOWN,,,,,,,,,,99.0,OtherUnknownHitAndRunDriver,,,,,,,,,,,,,,,,
1046354,559986,2,Driver,,False,False,M,AIR BAG NOT DEPLOYED,G,OCCUPANT LAP SHOULDER HARNESS USED,CELL PHONE NOT IN USE,NONE APPARENT,,S,US101,65.0,B,PROCEEDING STRAIGHT,A,HAD NOT BEEN DRINKING,,,M,MALE,19.0,F,VA,W,WHITE,1.0,PassengerCarStationWagonJeep,2012.0,FORD,Fusion,WHI,,,,,,,,,,,,
1046353,559986,1,Driver,True,False,False,M,AIR BAG NOT DEPLOYED,G,OCCUPANT LAP SHOULDER HARNESS USED,CELL PHONE NOT IN USE,NONE APPARENT,,S,US101,65.0,H,SLOWING/STOPPING,A,HAD NOT BEEN DRINKING,,,M,MALE,29.0,,,H,HISPANIC,22.0,PickupsAndPanels,1994.0,TOYT,Tacoma,GRN,,,,,,,,,,,,
1046350,559984,1,Driver,True,False,False,L,AIR BAG DEPLOYED,G,OCCUPANT LAP SHOULDER HARNESS USED,CELL PHONE NOT IN USE,NONE APPARENT,,S,I-680,65.0,R,OTHER,A,HAD NOT BEEN DRINKING,,,M,MALE,37.0,U,CA,H,HISPANIC,1.0,PassengerCarStationWagonJeep,2002.0,DODG,Neon,SIL,,,,,,,,,,,,
1046143,559878,2,Driver,,False,False,M,AIR BAG NOT DEPLOYED,G,OCCUPANT LAP SHOULDER HARNESS USED,CELL PHONE NOT IN USE,NONE APPARENT,,N,I-880,65.0,B,PROCEEDING STRAIGHT,A,HAD NOT BEEN DRINKING,,,M,MALE,25.0,C,CA,,,1.0,PassengerCarStationWagonJeep,2010.0,TOYT,Camry,SIL,,,,,,,,,,,,
1046142,559878,1,Driver,True,False,False,M,AIR BAG NOT DEPLOYED,G,OCCUPANT LAP SHOULDER HARNESS USED,CELL PHONE NOT IN USE,NONE APPARENT,,N,I-880,65.0,J,CHANGING LANES,A,HAD NOT BEEN DRINKING,,,F,FEMALE,,C,CA,O,OTHER,1.0,PassengerCarStationWagonJeep,2014.0,HOND,Civic,WHT,,,,,,,,,,,,
1046123,559866,2,Driver,,False,False,M,AIR BAG NOT DEPLOYED,G,OCCUPANT LAP SHOULDER HARNESS USED,CELL PHONE NOT IN USE,NONE APPARENT,,E,SR-130,35.0,B,PROCEEDING STRAIGHT,A,HAD NOT BEEN DRINKING,,,M,MALE,49.0,C,CA,H,HISPANIC,8.0,MiniVan,2006.0,TOYT,Sienna,BLU,,,,,,,,,,,,
1046122,559866,1,Driver,True,False,False,M,AIR BAG NOT DEPLOYED,G,OCCUPANT LAP SHOULDER HARNESS USED,CELL PHONE NOT IN USE,NONE APPARENT,,E,SR-130,35.0,E,MAKING LEFT TURN,A,HAD NOT BEEN DRINKING,,,F,FEMALE,24.0,C,CA,H,HISPANIC,1.0,PassengerCarStationWagonJeep,1995.0,BUIC,Le Sabre,BLU,,,,,,,,,,,,
1046089,559848,2,Driver,,False,False,M,AIR BAG NOT DEPLOYED,G,OCCUPANT LAP SHOULDER HARNESS USED,CELL PHONE NOT IN USE,NONE APPARENT,,N,US101 N/B,65.0,B,PROCEEDING STRAIGHT,A,HAD NOT BEEN DRINKING,,,M,MALE,51.0,C,CA,A,ASIAN,1.0,PassengerCarStationWagonJeep,2014.0,AUDI,A4,BLA,,,,,,,,,,,,
1046088,559848,1,Driver,True,False,False,M,AIR BAG NOT DEPLOYED,G,OCCUPANT LAP SHOULDER HARNESS USED,CELL PHONE NOT IN USE,NONE APPARENT,,N,US101 N/B,65.0,B,PROCEEDING STRAIGHT,A,HAD NOT BEEN DRINKING,,,F,FEMALE,20.0,C,CA,A,ASIAN,1.0,PassengerCarStationWagonJeep,2011.0,TOYT,Corolla,BLK,,,,,,,,,,,,
1046052,559830,1,Driver,True,False,False,L,AIR BAG DEPLOYED,A,OCCUPANT NONE IN VEHICLE,CELL PHONE NOT IN USE,NONE APPARENT,,S,COLEMAN TO I-880,65.0,A,STOPPED,C,HBD-NOT UNDER INFLUENCE,,,M,MALE,46.0,C,CA,W,WHITE,1.0,PassengerCarStationWagonJeep,2004.0,SAAB,93,BRN,,,,,,,,,,,,
1046022,559814,3,ParkedVehicle,,False,,,,,,CELL PHONE NOT IN USE,NONE APPARENT,,N,Cragmont Ave,65.0,O,PARKED,H,NOT APPLICABLE,,,,,,,,,,7.0,SportUtilityVehicle,2017.0,HONDA,Pilot,WHI,,,,,,,,,,,,
1046021,559814,2,ParkedVehicle,,False,,,,,,CELL PHONE NOT IN USE,NONE APPARENT,,N,Cragmont Ave,25.0,O,PARKED,H,NOT APPLICABLE,,,,,,,,,,1.0,PassengerCarStationWagonJeep,2003.0,ACURA,TL,BLK,,,,,,,,,,,,
1046020,559814,1,Driver,True,False,False,L,AIR BAG DEPLOYED,G,OCCUPANT LAP SHOULDER HARNESS USED,CELL PHONE NOT IN USE,NONE APPARENT,,N,Cragmont Ave,25.0,M,OTHER UNSAFE TURNING,A,HAD NOT BEEN DRINKING,,,M,MALE,38.0,C,CA,W,WHITE,7.0,SportUtilityVehicle,2004.0,CHEV,Suburban,BLU,,,,,,,,,,,,
1065569,569597,1,Driver,True,False,False,M,AIR BAG NOT DEPLOYED,G,OCCUPANT LAP SHOULDER HARNESS USED,CELL PHONE NOT IN USE,VC SECTION VIOLATED - 22350,,S,US101,65.0,M,OTHER UNSAFE TURNING,B,HBD-UNDER INFLUENCE,,,M,MALE,28.0,C,CA,H,HISPANIC,1.0,PassengerCarStationWagonJeep,2001.0,HOND,Prelude,SIL,,,,,,,,,,,,
1065537,569583,2,Driver,,False,False,P,NOT REQUIRED,G,OCCUPANT LAP SHOULDER HARNESS USED,CELL PHONE NOT IN USE / CELL PHONE USE UNKNOWN,NONE APPARENT,,W,San Luisito Way,25.0,A,STOPPED,A,HAD NOT BEEN DRINKING,,,F,FEMALE,26.0,B,CA,H,HISPANIC,17.0,SchoolBusContractualTypeI,2014.0,CHEV,COLLINS,YEL,,,,,,,,,,,,
1065536,569583,1,Driver,True,False,True,B,UNKNOWN,B,OCCUPANT UNKNOWN,CELL PHONE NOT IN USE,NONE APPARENT,,W,San Luisito Way,25.0,G,BACKING,G,IMPAIRMENT_NOT_KNOWN,,,,,,,,,,99.0,OtherUnknownHitAndRunDriver,,,,,,,,,,,,,,,,
1065516,569574,2,Driver,,False,False,M,AIR BAG NOT DEPLOYED,G,OCCUPANT LAP SHOULDER HARNESS USED,CELL PHONE NOT IN USE,NONE APPARENT,,N,US-101,65.0,B,PROCEEDING STRAIGHT,A,HAD NOT BEEN DRINKING,,,M,MALE,20.0,C,CA,H,HISPANIC,1.0,PassengerCarStationWagonJeep,2017.0,HOND,Accord,WHI,,,,,,,,,,,,
1065515,569574,1,Driver,True,False,False,M,AIR BAG NOT DEPLOYED,G,OCCUPANT LAP SHOULDER HARNESS USED,CELL PHONE NOT IN USE,NONE APPARENT,,N,US-101,65.0,H,SLOWING/STOPPING,A,HAD NOT BEEN DRINKING,,,M,MALE,44.0,C,CA,H,HISPANIC,22.0,PickupsAndPanels,1994.0,FORD,Ranger,TAN,,,,,,,,,,,,
1065514,569573,2,Driver,True,False,False,P,NOT REQUIRED,W,MOTOR BICYCLE DRIVER WITH HELMET,CELL PHONE NOT IN USE,STOP & GO TRAFFIC,,N,SR-87,65.0,B,PROCEEDING STRAIGHT,A,HAD NOT BEEN DRINKING,,,M,MALE,21.0,M,CA,W,WHITE,2.0,Motorcycle,2016.0,YAMA,fz09,BLK,,,,,,,,,,,,
1065513,569573,1,Driver,,False,False,M,AIR BAG NOT DEPLOYED,G,OCCUPANT LAP SHOULDER HARNESS USED,CELL PHONE NOT IN USE,VC SECTION VIOLATED - 21658(a) / STOP & GO TRAFFIC,,N,SR-87,65.0,J,CHANGING LANES,A,HAD NOT BEEN DRINKING,,,F,FEMALE,62.0,C,CA,W,WHITE,1.0,PassengerCarStationWagonJeep,2007.0,FORD,Fusion,SIL,,,,,,,,,,,,
1065509,569571,2,Driver,,False,False,P,NOT REQUIRED,W,MOTOR BICYCLE DRIVER WITH HELMET,CELL PHONE NOT IN USE,STOP & GO TRAFFIC,,N,SR-85,65.0,B,PROCEEDING STRAIGHT,A,HAD NOT BEEN DRINKING,,,M,MALE,27.0,M1,CA,W,WHITE,2.0,Motorcycle,1995.0,HOND,Shadow,BLK,,,,,,,,,,,,
1065508,569571,1,Driver,True,False,False,M,AIR BAG NOT DEPLOYED,G,OCCUPANT LAP SHOULDER HARNESS USED,CELL PHONE NOT IN USE,STOP & GO TRAFFIC,,N,SR-85,65.0,J,CHANGING LANES,A,HAD NOT BEEN DRINKING,,,M,MALE,53.0,C,CA,W,WHITE,1.0,PassengerCarStationWagonJeep,2017.0,CHEV,Cruz,BLU,,,,,,,,,,,,
1065482,569560,2,Driver,,False,False,M,AIR BAG NOT DEPLOYED,G,OCCUPANT LAP SHOULDER HARNESS USED,CELL PHONE NOT IN USE,NONE APPARENT,,N,US101 N/B,65.0,J,CHANGING LANES,A,HAD NOT BEEN DRINKING,,,M,MALE,23.0,C,CA,A,ASIAN,1.0,PassengerCarStationWagonJeep,2004.0,TOYO,Celica,BLU,,,,,,,,,,,,
1065481,569560,1,Driver,,False,False,M,AIR BAG NOT DEPLOYED,G,OCCUPANT LAP SHOULDER HARNESS USED,CELL PHONE NOT IN USE,NONE APPARENT,,N,US101 N/B,65.0,J,CHANGING LANES,A,HAD NOT BEEN DRINKING,,,F,FEMALE,58.0,C,CA,A,ASIAN,1.0,PassengerCarStationWagonJeep,2011.0,HOND,Accord,WHI,,,,,,,,,,,,
1065480,569559,1,Driver,True,False,False,M,AIR BAG NOT DEPLOYED,G,OCCUPANT LAP SHOULDER HARNESS USED,CELL PHONE NOT IN USE,NONE APPARENT,,W,STATE ROUTE 237,65.0,R,OTHER,A,HAD NOT BEEN DRINKING,,,M,MALE,22.0,C,CA,H,HISPANIC,1.0,PassengerCarStationWagonJeep,2005.0,HONDA,Accord,BLU,,,,,,,,,,,,
1065479,569558,2,Driver,,False,False,M,AIR BAG NOT DEPLOYED,G,OCCUPANT LAP SHOULDER HARNESS USED,CELL PHONE NOT IN USE,NONE APPARENT,,S,I-880,65.0,H,SLOWING/STOPPING,A,HAD NOT BEEN DRINKING,,,F,FEMALE,80.0,F,NV,W,WHITE,1.0,PassengerCarStationWagonJeep,2014.0,SUBA,FORESTER,TAN,,,,,,,,,,,,
1065478,569558,1,Driver,True,False,False,L,AIR BAG DEPLOYED,G,OCCUPANT LAP SHOULDER HARNESS USED,CELL PHONE NOT IN USE,NONE APPARENT,,S,I-880,65.0,B,PROCEEDING STRAIGHT,G,IMPAIRMENT_NOT_KNOWN,,,M,MALE,33.0,C,CA,O,OTHER,1.0,PassengerCarStationWagonJeep,2016.0,NISSAN ,Sentra,SIL,,,,,,,,,,,,
1065465,569551,2,Driver,,False,False,M,AIR BAG NOT DEPLOYED,G,OCCUPANT LAP SHOULDER HARNESS USED,CELL PHONE NOT IN USE / CELL PHONE USE UNKNOWN,NONE APPARENT,,N,I-680,65.0,H,SLOWING/STOPPING,A,HAD NOT BEEN DRINKING,,,M,MALE,53.0,B,CA,A,ASIAN,18.0,SchoolBusContractualTypeII,2013.0,THOM,Express,YEL,,,,,,,,,,,,
1065464,569551,1,Driver,True,False,False,M,AIR BAG NOT DEPLOYED,G,OCCUPANT LAP SHOULDER HARNESS USED,CELL PHONE NOT IN USE,NONE APPARENT,,N,I-680,65.0,B,PROCEEDING STRAIGHT,A,HAD NOT BEEN DRINKING,,,M,MALE,,C,CA,O,OTHER,1.0,PassengerCarStationWagonJeep,2009.0,HOND,Civic,GRY,,,,,,,,,,,,
1065406,569522,2,Driver,True,False,False,M,AIR BAG NOT DEPLOYED,G,OCCUPANT LAP SHOULDER HARNESS USED,CELL PHONE NOT IN USE,STOP & GO TRAFFIC,,N,SR-85,65.0,B,PROCEEDING STRAIGHT,A,HAD NOT BEEN DRINKING,,,M,MALE,37.0,C,CA,W,WHITE,22.0,PickupsAndPanels,2016.0,DODG,RAM,ORG,,,,,,,,,,,,
1065405,569522,1,Driver,,False,False,M,AIR BAG NOT DEPLOYED,G,OCCUPANT LAP SHOULDER HARNESS USED,CELL PHONE NOT IN USE,STOP & GO TRAFFIC,,N,SR-85,65.0,A,STOPPED,A,HAD NOT BEEN DRINKING,,,M,MALE,44.0,C,CA,H,HISPANIC,26.0,TwoAxleTruck,1996.0,GMC,Topkick,WHI,,,,,,,,,,,,
1065392,569516,2,Driver,,False,False,M,AIR BAG NOT DEPLOYED,G,OCCUPANT LAP SHOULDER HARNESS USED,CELL PHONE NOT IN USE,STOP & GO TRAFFIC,,S,I-680,65.0,H,SLOWING/STOPPING,A,HAD NOT BEEN DRINKING,,,M,MALE,22.0,C,CA,A,ASIAN,1.0,PassengerCarStationWagonJeep,1999.0,HOND,Civic,SIL,,,,,,,,,,,,
1065391,569516,1,Driver,True,False,True,B,UNKNOWN,B,OCCUPANT UNKNOWN,CELL PHONE NOT IN USE,STOP & GO TRAFFIC,,S,I-680,65.0,B,PROCEEDING STRAIGHT,G,IMPAIRMENT_NOT_KNOWN,,,,,,,,,,99.0,OtherUnknownHitAndRunDriver,,,,,,,,,,,,,,,,
1065376,569508,3,Driver,True,False,False,L,AIR BAG DEPLOYED,G,OCCUPANT LAP SHOULDER HARNESS USED,CELL PHONE NOT IN USE,STOP & GO TRAFFIC,,S,U.S.101,65.0,B,PROCEEDING STRAIGHT,C,HBD-NOT UNDER INFLUENCE,,,M,MALE,31.0,C,CA,H,HISPANIC,1.0,PassengerCarStationWagonJeep,2011.0,BMW,528i,BLU,,,,,,,,,,,,
1065375,569508,2,Driver,,False,False,L,AIR BAG DEPLOYED,G,OCCUPANT LAP SHOULDER HARNESS USED,CELL PHONE NOT IN USE,STOP & GO TRAFFIC,,S,U.S.101,65.0,A,STOPPED,A,HAD NOT BEEN DRINKING,,,F,FEMALE,23.0,C,CA,A,ASIAN,1.0,PassengerCarStationWagonJeep,2008.0,HONDA,Civic,SIL,,,,,,,,,,,,
1065374,569508,1,Driver,,False,False,M,AIR BAG NOT DEPLOYED,G,OCCUPANT LAP SHOULDER HARNESS USED,CELL PHONE NOT IN USE,STOP & GO TRAFFIC,,S,U.S.101,65.0,A,STOPPED,A,HAD NOT BEEN DRINKING,,,M,MALE,31.0,C,CA,A,ASIAN,1.0,PassengerCarStationWagonJeep,2014.0,CHEV,VOLT,WHI,,,,,,,,,,,,
1065343,569493,2,Driver,,False,False,M,AIR BAG NOT DEPLOYED,G,OCCUPANT LAP SHOULDER HARNESS USED,CELL PHONE NOT IN USE,STOP & GO TRAFFIC,,S,US-101,65.0,A,STOPPED,A,HAD NOT BEEN DRINKING,,,M,MALE,47.0,C,CA,A,ASIAN,7.0,SportUtilityVehicle,2017.0,TOYOTA,Rav 4,GRA,,,,,,,,,,,,
1065342,569493,1,Driver,True,False,False,M,AIR BAG NOT DEPLOYED,G,OCCUPANT LAP SHOULDER HARNESS USED,CELL PHONE NOT IN USE,STOP & GO TRAFFIC,,S,US-101,65.0,B,PROCEEDING STRAIGHT,A,HAD NOT BEEN DRINKING,,,F,FEMALE,29.0,C,CA,B,BLACK,1.0,PassengerCarStationWagonJeep,2013.0,HYUNDAI,Sonata,SIL,,,,,,,,,,,,
1065337,569489,2,Driver,,False,False,M,AIR BAG NOT DEPLOYED,G,OCCUPANT LAP SHOULDER HARNESS USED,CELL PHONE NOT IN USE,ENTERING OR LEAVING RAMP,,N,I-280,65.0,A,STOPPED,A,HAD NOT BEEN DRINKING,,,M,MALE,35.0,C,CA,A,ASIAN,1.0,PassengerCarStationWagonJeep,2012.0,BMW,328i,BLK,,,,,,,,,,,,
1065336,569489,1,Driver,True,False,False,M,AIR BAG NOT DEPLOYED,G,OCCUPANT LAP SHOULDER HARNESS USED,CELL PHONE NOT IN USE,ENTERING OR LEAVING RAMP,,N,I-280,65.0,I,PASSING OTHER VEHICLE,A,HAD NOT BEEN DRINKING,,,M,MALE,28.0,C,CA,H,HISPANIC,22.0,PickupsAndPanels,1989.0,CHEV,1500,RED,,,,,,,,,,,,
1065331,569485,3,Driver,,False,False,M,AIR BAG NOT DEPLOYED,G,OCCUPANT LAP SHOULDER HARNESS USED,CELL PHONE NOT IN USE,NONE APPARENT,,S,I-280,65.0,A,STOPPED,A,HAD NOT BEEN DRINKING,,,M,MALE,66.0,C,CA,W,WHITE,1.0,PassengerCarStationWagonJeep,1998.0,HONDA,Civic,BLU,,,,,,,,,,,,
1065330,569485,2,Driver,,False,False,M,AIR BAG NOT DEPLOYED,G,OCCUPANT LAP SHOULDER HARNESS USED,CELL PHONE NOT IN USE,NONE APPARENT,,S,I-280,65.0,A,STOPPED,A,HAD NOT BEEN DRINKING,,,M,MALE,26.0,C,CA,A,ASIAN,1.0,PassengerCarStationWagonJeep,2012.0,VW,Beetle,WHI,,,,,,,,,,,,
1065329,569485,1,Driver,True,False,False,M,AIR BAG NOT DEPLOYED,G,OCCUPANT LAP SHOULDER HARNESS USED,CELL PHONE NOT IN USE,NONE APPARENT,,S,I-280,65.0,B,PROCEEDING STRAIGHT,A,HAD NOT BEEN DRINKING,,,M,MALE,69.0,C,CA,W,WHITE,7.0,SportUtilityVehicle,1996.0,FORD,Explorer,BLK,,,,,,,,,,,,
1065296,569468,2,Driver,,False,False,M,AIR BAG NOT DEPLOYED,G,OCCUPANT LAP SHOULDER HARNESS USED,CELL PHONE NOT IN USE,STOP & GO TRAFFIC,,S,US-101,65.0,H,SLOWING/STOPPING,A,HAD NOT BEEN DRINKING,,,F,FEMALE,55.0,C,CA,A,ASIAN,1.0,PassengerCarStationWagonJeep,1997.0,TOYOTA,Corolla,TAN,,,,,,,,,,,,
1065295,569468,1,Driver,True,False,False,M,AIR BAG NOT DEPLOYED,G,OCCUPANT LAP SHOULDER HARNESS USED,CELL PHONE NOT IN USE,STOP & GO TRAFFIC,,S,US-101,65.0,B,PROCEEDING STRAIGHT,A,HAD NOT BEEN DRINKING,,,M,MALE,21.0,U,CA,H,HISPANIC,1.0,PassengerCarStationWagonJeep,2004.0,ACURA,RSX,TAN,,,,,,,,,,,,
1065271,569453,2,Driver,,False,False,M,AIR BAG NOT DEPLOYED,G,OCCUPANT LAP SHOULDER HARNESS USED,CELL PHONE NOT IN USE,NONE APPARENT,,S,I-680,65.0,B,PROCEEDING STRAIGHT,A,HAD NOT BEEN DRINKING,,,M,MALE,29.0,C,CA,A,ASIAN,1.0,PassengerCarStationWagonJeep,2016.0,BMW,M3,WHI,,,,,,,,,,,,
1065270,569453,1,Driver,True,False,False,M,AIR BAG NOT DEPLOYED,G,OCCUPANT LAP SHOULDER HARNESS USED,CELL PHONE NOT IN USE,NONE APPARENT,,S,I-680,65.0,H,SLOWING/STOPPING,A,HAD NOT BEEN DRINKING,,,M,MALE,22.0,,,H,HISPANIC,1.0,PassengerCarStationWagonJeep,1995.0,TOYT,Corolla,WHI,,,,,,,,,,,,
1065166,569404,3,Driver,,False,False,M,AIR BAG NOT DEPLOYED,G,OCCUPANT LAP SHOULDER HARNESS USED,CELL PHONE NOT IN USE,NONE APPARENT,,S,US-101,65.0,A,STOPPED,A,HAD NOT BEEN DRINKING,,,F,FEMALE,28.0,C,CA,W,WHITE,1.0,PassengerCarStationWagonJeep,2012.0,FORD,Fusion,TEA,,,,,,,,,,,,
1065165,569404,2,Driver,,False,False,M,AIR BAG NOT DEPLOYED,G,OCCUPANT LAP SHOULDER HARNESS USED,CELL PHONE NOT IN USE,NONE APPARENT,,S,US-101,65.0,B,PROCEEDING STRAIGHT,A,HAD NOT BEEN DRINKING,,,F,FEMALE,85.0,C,CA,O,OTHER,7.0,SportUtilityVehicle,2000.0,TOYT,RAV-4,SIL,,,,,,,,,,,,
1065164,569404,1,Driver,True,False,False,L,AIR BAG DEPLOYED,G,OCCUPANT LAP SHOULDER HARNESS USED,CELL PHONE NOT IN USE,NONE APPARENT,,S,US-101,65.0,B,PROCEEDING STRAIGHT,A,HAD NOT BEEN DRINKING,,,F,FEMALE,40.0,C,CA,H,HISPANIC,1.0,PassengerCarStationWagonJeep,2014.0,NISS,Altima,SIL,,,,,,,,,,,,
1065101,569373,3,Driver,,False,False,M,AIR BAG NOT DEPLOYED,G,OCCUPANT LAP SHOULDER HARNESS USED,CELL PHONE NOT IN USE,NONE APPARENT,,N,US101,65.0,A,STOPPED,A,HAD NOT BEEN DRINKING,,,M,MALE,41.0,C,CA,H,HISPANIC,7.0,SportUtilityVehicle,2001.0,KIA,Sportage,TEA,,,,,,,,,,,,
1065100,569373,2,Driver,,False,False,M,AIR BAG NOT DEPLOYED,G,OCCUPANT LAP SHOULDER HARNESS USED,CELL PHONE NOT IN USE,NONE APPARENT,,N,US101,65.0,A,STOPPED,A,HAD NOT BEEN DRINKING,,,M,MALE,38.0,C,CA,H,HISPANIC,22.0,PickupsAndPanels,2008.0,CHEV,Silverado,WHI,,,,,,,,,,,,
1065099,569373,1,Driver,True,False,False,M,AIR BAG NOT DEPLOYED,G,OCCUPANT LAP SHOULDER HARNESS USED,CELL PHONE NOT IN USE,NONE APPARENT,,N,US101,65.0,B,PROCEEDING STRAIGHT,A,HAD NOT BEEN DRINKING,,,M,MALE,66.0,C,CA,W,WHITE,22.0,PickupsAndPanels,2007.0,FORD,F-150,WHT,,,,,,,,,,,,
1065087,569365,2,Driver,,False,False,M,AIR BAG NOT DEPLOYED,G,OCCUPANT LAP SHOULDER HARNESS USED,CELL PHONE NOT IN USE,NONE APPARENT,,S,I-280,65.0,B,PROCEEDING STRAIGHT,A,HAD NOT BEEN DRINKING,,,M,MALE,42.0,C,CA,W,WHITE,1.0,PassengerCarStationWagonJeep,1989.0,TOYO,Tercel,GLD,,,,,,,,,,,,
1065086,569365,1,Driver,True,False,False,M,AIR BAG NOT DEPLOYED,G,OCCUPANT LAP SHOULDER HARNESS USED,CELL PHONE NOT IN USE,NONE APPARENT,,S,I-280,65.0,J,CHANGING LANES,G,IMPAIRMENT_NOT_KNOWN,,,M,MALE,54.0,C,CA,H,HISPANIC,22.0,PickupsAndPanels,1999.0,GMC,Pickup,YEL,,,,,,,,,,,,
1065050,569347,2,Driver,,False,False,M,AIR BAG NOT DEPLOYED,G,OCCUPANT LAP SHOULDER HARNESS USED,CELL PHONE NOT IN USE,NONE APPARENT,,E,SR-237,65.0,H,SLOWING/STOPPING,A,HAD NOT BEEN DRINKING,,,F,FEMALE,45.0,C,CA,A,ASIAN,1.0,PassengerCarStationWagonJeep,2017.0,HOND,Civic,RED,,,,,,,,,,,,
1065049,569347,1,Driver,True,False,False,M,AIR BAG NOT DEPLOYED,G,OCCUPANT LAP SHOULDER HARNESS USED,CELL PHONE NOT IN USE,STOP & GO TRAFFIC,,E,SR-237,65.0,B,PROCEEDING STRAIGHT,A,HAD NOT BEEN DRINKING,,,M,MALE,19.0,,,H,HISPANIC,1.0,PassengerCarStationWagonJeep,1999.0,INFI,G20,SIL,,,,,,,,,,,,
1064947,569299,2,Driver,,False,False,M,AIR BAG NOT DEPLOYED,G,OCCUPANT LAP SHOULDER HARNESS USED,CELL PHONE NOT IN USE,NONE APPARENT,,S,SR-85,65.0,B,PROCEEDING STRAIGHT,A,HAD NOT BEEN DRINKING,,,F,FEMALE,45.0,C,CA,W,WHITE,1.0,PassengerCarStationWagonJeep,2016.0,CHEV,volt,BLK,,,,,,,,,,,,
1064946,569299,1,Driver,True,False,False,M,AIR BAG NOT DEPLOYED,B,OCCUPANT UNKNOWN,CELL PHONE NOT IN USE,NONE APPARENT,,S,SR-85,65.0,J,CHANGING LANES,G,IMPAIRMENT_NOT_KNOWN,,,F,FEMALE,33.0,C,CA,B,BLACK,1.0,PassengerCarStationWagonJeep,2014.0,TOYT,Corolla,GRY,,,,,,,,,,,,
1064934,569293,2,ParkedVehicle,,False,,,,,,CELL PHONE NOT IN USE,NONE APPARENT,,N,US101,65.0,O,PARKED,A,HAD NOT BEEN DRINKING,,,,,,,,,,1.0,PassengerCarStationWagonJeep,1996.0,HONDA,Accord,BLU,,,,,,,,,,,,
1064933,569293,1,Driver,True,False,True,L,AIR BAG DEPLOYED,B,OCCUPANT UNKNOWN,CELL PHONE NOT IN USE,NONE APPARENT,,N,US101,65.0,R,OTHER,G,IMPAIRMENT_NOT_KNOWN,,,,,,,,,,1.0,PassengerCarStationWagonJeep,2015.0,TOYO,Camry,GRA,,,,,,,,,,,,
1064917,569286,4,Driver,,False,False,M,AIR BAG NOT DEPLOYED,G,OCCUPANT LAP SHOULDER HARNESS USED,CELL PHONE NOT IN USE,NONE APPARENT,,N,SR-87,65.0,A,STOPPED,A,HAD NOT BEEN DRINKING,,,F,FEMALE,29.0,C,CA,O,OTHER,1.0,PassengerCarStationWagonJeep,2015.0,JEEP,Wrangler,DGR,,,,,,,,,,,,
1064916,569286,3,Driver,,False,False,M,AIR BAG NOT DEPLOYED,G,OCCUPANT LAP SHOULDER HARNESS USED,CELL PHONE NOT IN USE,NONE APPARENT,,N,SR-87,65.0,A,STOPPED,A,HAD NOT BEEN DRINKING,,,M,MALE,22.0,C,CA,A,ASIAN,1.0,PassengerCarStationWagonJeep,1999.0,HOND,Civic,SIL,,,,,,,,,,,,
1064915,569286,2,Driver,,False,False,M,AIR BAG NOT DEPLOYED,G,OCCUPANT LAP SHOULDER HARNESS USED,CELL PHONE NOT IN USE,NONE APPARENT,,N,SR-87,65.0,A,STOPPED,A,HAD NOT BEEN DRINKING,,,M,MALE,23.0,C,CA,W,WHITE,1.0,PassengerCarStationWagonJeep,2005.0,HOND,Accord,GRY,,,,,,,,,,,,
1064914,569286,1,Driver,True,False,False,M,AIR BAG NOT DEPLOYED,G,OCCUPANT LAP SHOULDER HARNESS USED,CELL PHONE HANDHELD IN USE,NONE APPARENT,,N,SR-87,65.0,B,PROCEEDING STRAIGHT,A,HAD NOT BEEN DRINKING,,,M,MALE,21.0,,,H,HISPANIC,1.0,PassengerCarStationWagonJeep,2005.0,CHRY,Sebring,BLU,,,,,,,,,,,,