PartyId,CollisionId,PartyNumber,PartyType,IsAtFault,IsOnDutyEmergencyVehicle,IsHitAndRun,AirbagCode,AirbagDescription,SafetyEquipmentCode,SafetyEquipmentDescription,Special Information,Other Associate Factor,Inattention,DirectionOfTravel,StreetOrHighwayName,SpeedLimit,MovementPrecCollCode,MovementPrecCollDescription,SobrietyDrugPhysicalCode1,SobrietyDrugPhysicalDescription1,SobrietyDrugPhysicalCode2,SobrietyDrugPhysicalDescription2,GenderCode,GenderDescription,StatedAge,DriverLicenseClass,DriverLicenseStateCode,RaceCode,RaceDesc,Vehicle1TypeId, Vehicle1TypeDesc, Vehicle1Year,Vehicle1Make,Vehicle1Model,Vehicle1Color,V1IsVehicleTowed,Vehicle2TypeId, Vehicle2TypeDesc, Vehicle2Year,Vehicle2Make,Vehicle2Model,Vehicle2Color,V2IsVehicleTowed,Lane,ThruLanes,TotalLanes,IsDREConducted
11895972,3543019,1,Driver,True,False,,M,AIR BAG NOT DEPLOYED,G,OCCUPANT LAP SHOULDER HARNESS USED,CELL PHONE NOT IN USE,NONE APPARENT,,E,,,B,PROCEEDING STRAIGHT,A,HAD NOT BEEN DRINKING,,,M,MALE,,F,CA,H,HISPANIC,,,2002.0,FORD,,,,,,,,,,,,,,
11895965,3543015,2,Driver,,False,,M,AIR BAG NOT DEPLOYED,G,OCCUPANT LAP SHOULDER HARNESS USED,,,,,,,D,MAKING RIGHT TURN,A,HAD NOT BEEN DRINKING,,,M,MALE,,C,CA,H,HISPANIC,,,2014.0,AUDI,,,,,,,,,,,,,,
11895964,3543015,1,Bicyclist,True,False,,,,,,,,,E,,,B,PROCEEDING STRAIGHT,A,HAD NOT BEEN DRINKING,,,F,FEMALE,,,,A,ASIAN,4.0,Bicycle,,,,,,,,,,,,,,,,
11895957,3543011,2,Driver,,False,,M,AIR BAG NOT DEPLOYED,G,OCCUPANT LAP SHOULDER HARNESS USED,,NONE APPARENT,,E,,,D,MAKING RIGHT TURN,A,HAD NOT BEEN DRINKING,,,M,MALE,,C,CA,A,ASIAN,,,2014.0,INFI,,,,,,,,,,,,,,
11895956,3543011,1,Other,True,False,,,,,,,NONE APPARENT,,N,,,B,PROCEEDING STRAIGHT,A,HAD NOT BEEN DRINKING,,,,,,,,,,,,,,,,,,,,,,,,,,,
11895950,3543007,2,Pedestrian,,False,,,,,,,,,N,,,B,PROCEEDING STRAIGHT,,,,,F,FEMALE,,,,A,ASIAN,60.0,Pedestrian,,,,,,,,,,,,,,,,
11895949,3543007,1,Driver,True,False,,M,AIR BAG NOT DEPLOYED,G,OCCUPANT LAP SHOULDER HARNESS USED,,,,E,,,E,MAKING LEFT TURN,,,,,M,MALE,,C,CA,H,HISPANIC,,,2003.0,GMCX,,,,,,,,,,,,,,
11895921,3542992,2,Driver,,False,,M,AIR BAG NOT DEPLOYED,G,OCCUPANT LAP SHOULDER HARNESS USED,,OTHER,,S,,,E,MAKING LEFT TURN,A,HAD NOT BEEN DRINKING,,,M,MALE,,C,CA,,,,,2015.0,MINI,,,,,,,,,,,,,,
11895920,3542992,1,Driver,,False,,,,W,MOTOR BICYCLE DRIVER WITH HELMET,,OTHER,,E,,,B,PROCEEDING STRAIGHT,A,HAD NOT BEEN DRINKING,,,M,MALE,,C,CA,,,,,2015.0,YAMA,,,,,,,,,,,,,,
11895913,3542988,2,Driver,,False,,M,AIR BAG NOT DEPLOYED,G,OCCUPANT LAP SHOULDER HARNESS USED,CELL PHONE NOT IN USE,,,W,,,A,STOPPED,A,HAD NOT BEEN DRINKING,,,F,FEMALE,,C,CA,H,HISPANIC,,,2006.0,TOYO,,,,,,,,,,,,,,
11895912,3542988,1,Driver,True,False,,L,AIR BAG DEPLOYED,G,OCCUPANT LAP SHOULDER HARNESS USED,CELL PHONE NOT IN USE,,,W,,,B,PROCEEDING STRAIGHT,A,HAD NOT BEEN DRINKING,,,F,FEMALE,,C,CA,H,HISPANIC,,,2001.0,GMCX,,,,,,,,,,,,,,
11895907,3542984,2,Driver,,False,,L,AIR BAG DEPLOYED,G,OCCUPANT LAP SHOULDER HARNESS USED,,NONE APPARENT,,S,,,B,PROCEEDING STRAIGHT,A,HAD NOT BEEN DRINKING,,,M,MALE,,C,CA,O,OTHER,,,1997.0,HOND,,,,,,,,,,,,,,
11895906,3542984,1,Driver,True,False,,L,AIR BAG DEPLOYED,G,OCCUPANT LAP SHOULDER HARNESS USED,,NONE APPARENT,,E,,,B,PROCEEDING STRAIGHT,A,HAD NOT BEEN DRINKING,,,F,FEMALE,,C,CA,A,ASIAN,,,2004.0,LEXU,,,,,,,,,,,,,,
11895900,3542980,3,Driver,,False,,M,AIR BAG NOT DEPLOYED,G,OCCUPANT LAP SHOULDER HARNESS USED,,,,W,,,E,MAKING LEFT TURN,A,HAD NOT BEEN DRINKING,,,M,MALE,,,CA,H,HISPANIC,,,2013.0,CHEV,,,,,,,,,,,,,,
11895899,3542980,2,Driver,,False,,L,AIR BAG DEPLOYED,G,OCCUPANT LAP SHOULDER HARNESS USED,,,,W,,,E,MAKING LEFT TURN,A,HAD NOT BEEN DRINKING,,,M,MALE,,C,CA,O,OTHER,,,2016.0,BMWX,,,,,,,,,,,,,,
11895898,3542980,1,Driver,True,False,,,,G,OCCUPANT LAP SHOULDER HARNESS USED,,,,N,,,B,PROCEEDING STRAIGHT,A,HAD NOT BEEN DRINKING,,,F,FEMALE,,,,O,OTHER,,,2003.0,ACUR,,,,,,,,,,,,,,
11895890,3542976,2,Driver,,False,,M,AIR BAG NOT DEPLOYED,G,OCCUPANT LAP SHOULDER HARNESS USED,CELL PHONE NOT IN USE,,,W,,,B,PROCEEDING STRAIGHT,A,HAD NOT BEEN DRINKING,,,F,FEMALE,,C,CA,H,HISPANIC,,,1998.0,TOYO,,,,,,,,,,,,,,
11895889,3542976,1,Driver,True,False,,M,AIR BAG NOT DEPLOYED,G,OCCUPANT LAP SHOULDER HARNESS USED,CELL PHONE NOT IN USE,,,S,,,B,PROCEEDING STRAIGHT,A,HAD NOT BEEN DRINKING,,,M,MALE,,C,CA,H,HISPANIC,,,2011.0,BMWX,,,,,,,,,,,,,,
11895882,3542972,2,Driver,,False,,M,AIR BAG NOT DEPLOYED,G,OCCUPANT LAP SHOULDER HARNESS USED,,OTHER,,N,,,B,PROCEEDING STRAIGHT,A,HAD NOT BEEN DRINKING,,,F,FEMALE,,C,CA,,,,,2007.0,BMWX,,,,,,,,,,,,,,
11895881,3542972,1,Driver,True,False,,B,UNKNOWN,,,,OTHER,,E,,,E,MAKING LEFT TURN,A,HAD NOT BEEN DRINKING,,,M,MALE,,C,CA,H,HISPANIC,,,1999.0,HOND,,,,,,,,,,,,,,
11895875,3542968,3,ParkedVehicle,,False,,,,,,,,,,,,O,PARKED,H,NOT APPLICABLE,,,,,,,,,,,,1997.0,ACUR,,,,,,,,,,,,,,
11895874,3542968,2,ParkedVehicle,,False,,,,,,,,,,,,O,PARKED,H,NOT APPLICABLE,,,,,,,,,,,,1994.0,MAZD,,,,,,,,,,,,,,
11895873,3542968,1,Driver,True,False,,M,AIR BAG NOT DEPLOYED,G,OCCUPANT LAP SHOULDER HARNESS USED,,UNFAMILIAR WITH ROAD,,S,,,C,RAN OFF ROAD,A,HAD NOT BEEN DRINKING,I,SLEEPY/FATIGUED,M,MALE,,C,CA,W,WHITE,,,2000.0,PLYM,,,,,,,,,,,,,,
11895864,3542964,2,Driver,,False,,L,AIR BAG DEPLOYED,G,OCCUPANT LAP SHOULDER HARNESS USED,,NONE APPARENT,,W,,,B,PROCEEDING STRAIGHT,A,HAD NOT BEEN DRINKING,,,M,MALE,,C,CA,A,ASIAN,1.0,PassengerCarStationWagonJeep,2007.0,TOYO,,,,,,,,,,,,,,
11895863,3542964,1,Driver,,False,,L,AIR BAG DEPLOYED,G,OCCUPANT LAP SHOULDER HARNESS USED,,NONE APPARENT,,S,,,B,PROCEEDING STRAIGHT,A,HAD NOT BEEN DRINKING,,,M,MALE,,C,CA,H,HISPANIC,1.0,PassengerCarStationWagonJeep,2012.0,KIAX,,,,,,,,,,,,,,
11895862,3542963,2,Driver,,False,,L,AIR BAG DEPLOYED,G,OCCUPANT LAP SHOULDER HARNESS USED,,NONE APPARENT,,N,,,B,PROCEEDING STRAIGHT,H,NOT APPLICABLE,,,F,FEMALE,,,CA,H,HISPANIC,,,2013.0,HYUN,,,,,,,,,,,,,,
11895861,3542963,1,Driver,True,False,,L,AIR BAG DEPLOYED,G,OCCUPANT LAP SHOULDER HARNESS USED,,VISION OBSCUREMENT,,W,,,B,PROCEEDING STRAIGHT,H,NOT APPLICABLE,,,M,MALE,,C,CA,O,OTHER,,,2009.0,BMWX,,,,,,,,,,,,,,
11895854,3542959,2,Pedestrian,,False,,,,,,,,,N,,,,,,,,,M,MALE,,,,H,HISPANIC,60.0,Pedestrian,,,,,,,,,,,,,,,,
11895853,3542959,1,Driver,True,False,,M,AIR BAG NOT DEPLOYED,G,OCCUPANT LAP SHOULDER HARNESS USED,,,,S,,,E,MAKING LEFT TURN,A,HAD NOT BEEN DRINKING,,,M,MALE,,C,CA,H,HISPANIC,22.0,PickupsAndPanels,2000.0,FORD,,,,,,,,,,,,,,
11895847,3542955,1,Driver,,False,,L,AIR BAG DEPLOYED,G,OCCUPANT LAP SHOULDER HARNESS USED,,OTHER,,E,,,C,RAN OFF ROAD,A,HAD NOT BEEN DRINKING,,,F,FEMALE,,C,CA,H,HISPANIC,,,2002.0,TOYO,,,,,,,,,,,,,,
11895840,3542951,2,Driver,,False,,M,AIR BAG NOT DEPLOYED,G,OCCUPANT LAP SHOULDER HARNESS USED,,NONE APPARENT,,N,,,E,MAKING LEFT TURN,A,HAD NOT BEEN DRINKING,,,M,MALE,,C,CA,A,ASIAN,,,2017.0,TOYO,,,,,,,,,,,,,,
11895839,3542951,1,Bicyclist,True,False,,,,,,,NONE APPARENT,,E,,,B,PROCEEDING STRAIGHT,A,HAD NOT BEEN DRINKING,,,F,FEMALE,,,,W,WHITE,4.0,Bicycle,,,,,,,,,,,,,,,,
11895823,3542943,2,Driver,,False,,M,AIR BAG NOT DEPLOYED,G,OCCUPANT LAP SHOULDER HARNESS USED,,,,S,,,B,PROCEEDING STRAIGHT,A,HAD NOT BEEN DRINKING,,,F,FEMALE,,C,CA,A,ASIAN,,,2014.0,TOYO,,,,,,,,,,,,,,
11895822,3542943,1,Driver,True,False,,M,AIR BAG NOT DEPLOYED,G,OCCUPANT LAP SHOULDER HARNESS USED,,,,W,,,E,MAKING LEFT TURN,A,HAD NOT BEEN DRINKING,,,F,FEMALE,,C,CA,B,BLACK,,,2010.0,MAZD,,,,,,,,,,,,,,
11895815,3542939,2,Driver,,False,,,,,,,NONE APPARENT,,W,,,B,PROCEEDING STRAIGHT,A,HAD NOT BEEN DRINKING,,,M,MALE,,C,CA,W,WHITE,,,2013.0,DODG,,,,,,,,,,,,,,
11895814,3542939,1,Driver,True,False,,L,AIR BAG DEPLOYED,G,OCCUPANT LAP SHOULDER HARNESS USED,,NONE APPARENT,,W,,,F,MAKING U TURN,A,HAD NOT BEEN DRINKING,,,M,MALE,,C,CA,H,HISPANIC,,,2008.0,BMWX,,,,,,,,,,,,,,
11895760,3542916,2,Pedestrian,,False,,,,,,CELL PHONE NOT IN USE,,,N,,,B,PROCEEDING STRAIGHT,A,HAD NOT BEEN DRINKING,,,F,FEMALE,,,,A,ASIAN,60.0,Pedestrian,,,,,,,,,,,,,,,,
11895759,3542916,1,Driver,True,False,,M,AIR BAG NOT DEPLOYED,G,OCCUPANT LAP SHOULDER HARNESS USED,CELL PHONE NOT IN USE,,,E,,,E,MAKING LEFT TURN,A,HAD NOT BEEN DRINKING,,,F,FEMALE,,C,CA,O,OTHER,,,2015.0,TOYO,,,,,,,,,,,,,,
11894931,3542504,2,Driver,,False,,N,OTHER,P,NOT REQUIRED,CELL PHONE NOT IN USE,,,S,,,B,PROCEEDING STRAIGHT,,,,,M,MALE,,,CA,,,,,2011.0,DUCA,,,,,,,,,,,,,,
11894930,3542504,1,Driver,True,False,,M,AIR BAG NOT DEPLOYED,G,OCCUPANT LAP SHOULDER HARNESS USED,CELL PHONE NOT IN USE,,,N,,,E,MAKING LEFT TURN,,,,,M,MALE,,,CA,W,WHITE,,,2004.0,CHRY,,,,,,,,,,,,,,
11894877,3542477,2,Driver,,False,,,,,,CELL PHONE NOT IN USE,VC SECTION VIOLATED - 12500 A / NONE APPARENT,,S,,,E,MAKING LEFT TURN,A,HAD NOT BEEN DRINKING,,,F,FEMALE,,,CA,W,WHITE,,,2005.0,TOYO,,,,,,,,,,,,,,
11894876,3542477,1,Driver,,False,,,,,,CELL PHONE NOT IN USE,NONE APPARENT,,S,,,E,MAKING LEFT TURN,A,HAD NOT BEEN DRINKING,,,F,FEMALE,,,CA,H,HISPANIC,,,1994.0,GMCX,,,,,,,,,,,,,,
11894874,3542475,2,Driver,,False,,P,NOT REQUIRED,G,OCCUPANT LAP SHOULDER HARNESS USED,,NONE APPARENT,,S,,,B,PROCEEDING STRAIGHT,A,HAD NOT BEEN DRINKING,,,M,MALE,,,CA,H,HISPANIC,,,1996.0,CHEV,,,,,,,,,,,,,,
11894873,3542475,1,Driver,True,False,,M,AIR BAG NOT DEPLOYED,G,OCCUPANT LAP SHOULDER HARNESS USED,,NONE APPARENT,,S,,,F,MAKING U TURN,A,HAD NOT BEEN DRINKING,,,M,MALE,,,CA,H,HISPANIC,,,2006.0,CHRY,,,,,,,,,,,,,,
11894868,3542472,2,Driver,,False,,,,,,,,,E,,,B,PROCEEDING STRAIGHT,A,HAD NOT BEEN DRINKING,,,M,MALE,,,CA,,,,,2013.0,DODG,,,,,,,,,,,,,,
11894867,3542472,1,Driver,True,False,,,,,,,,,E,,,E,MAKING LEFT TURN,B,HBD-UNDER INFLUENCE,,,F,FEMALE,,,CA,H,HISPANIC,,,1997.0,TOYO,,,,,,,,,,,,,,
11894816,3542444,2,Driver,,False,,,,,,,NONE APPARENT,,S,,,B,PROCEEDING STRAIGHT,A,HAD NOT BEEN DRINKING,,,M,MALE,,,CA,A,ASIAN,,,2016.0,HOND,,,,,,,,,,,,,,
11894815,3542444,1,Driver,True,False,,,,,,,NONE APPARENT,,N,,,B,PROCEEDING STRAIGHT,A,HAD NOT BEEN DRINKING,,,M,MALE,,C,CA,B,BLACK,,,2000.0,FORD,,,,,,,,,,,,,,
11894426,3542248,2,Driver,,False,,,,,,,NONE APPARENT,,S,,,B,PROCEEDING STRAIGHT,,,,,M,MALE,,C,CA,W,WHITE,,,2016.0,KIAX,,,,,,,,,,,,,,
11894425,3542248,1,Driver,True,False,,M,AIR BAG NOT DEPLOYED,G,OCCUPANT LAP SHOULDER HARNESS USED,,NONE APPARENT,,E,,,B,PROCEEDING STRAIGHT,,,,,M,MALE,,C,CA,A,ASIAN,,,2005.0,SUBA,,,,,,,,,,,,,,
11894420,3542244,2,Driver,,False,,L,AIR BAG DEPLOYED,,,CELL PHONE NOT IN USE,NONE APPARENT,,E,,,B,PROCEEDING STRAIGHT,A,HAD NOT BEEN DRINKING,,,F,FEMALE,,C,CA,H,HISPANIC,,,2000.0,TOYO,,,,,,,,,,,,,,
11894419,3542244,1,Driver,,False,,M,AIR BAG NOT DEPLOYED,G,OCCUPANT LAP SHOULDER HARNESS USED,CELL PHONE NOT IN USE,NONE APPARENT,,N,,,B,PROCEEDING STRAIGHT,A,HAD NOT BEEN DRINKING,,,M,MALE,,C,CA,H,HISPANIC,,,2014.0,GMCX,,,,,,,,,,,,,,
11894410,3542239,2,Pedestrian,,False,,,,,,,,,E,,,B,PROCEEDING STRAIGHT,,,,,M,MALE,,,,,,60.0,Pedestrian,,,,,,,,,,,,,,,,
11894409,3542239,1,Driver,True,False,,M,AIR BAG NOT DEPLOYED,B,OCCUPANT UNKNOWN,,,,N,,,L,ENTERING TRAFFICD,A,HAD NOT BEEN DRINKING,,,M,MALE,,C,CA,H,HISPANIC,,,2014.0,GMCX,,,,,,,,,,,,,,
11894402,3542235,2,Driver,,False,,L,AIR BAG DEPLOYED,G,OCCUPANT LAP SHOULDER HARNESS USED,,NONE APPARENT,,S,,,A,STOPPED,A,HAD NOT BEEN DRINKING,,,F,FEMALE,,C,CA,,,,,2015.0,MERB,,,,,,,,,,,,,,
11894401,3542235,1,Driver,True,False,,L,AIR BAG DEPLOYED,G,OCCUPANT LAP SHOULDER HARNESS USED,,NONE APPARENT,,E,,,B,PROCEEDING STRAIGHT,A,HAD NOT BEEN DRINKING,,,F,FEMALE,,U,CA,H,HISPANIC,,,2008.0,TOYO,,,,,,,,,,,,,,
11894394,3542232,3,Driver,,False,,L,AIR BAG DEPLOYED,E,OCCUPANT SHOULDER HARNESS USED,,,,S,,,A,STOPPED,H,NOT APPLICABLE,,,F,FEMALE,,C,CA,,,,,2005.0,HOND,,,,,,,,,,,,,,
11894393,3542232,2,Driver,,False,,L,AIR BAG DEPLOYED,E,OCCUPANT SHOULDER HARNESS USED,,,,W,,,B,PROCEEDING STRAIGHT,H,NOT APPLICABLE,,,F,FEMALE,,C,CA,A,ASIAN,,,2015.0,NISS,,,,,,,,,,,,,,
11894392,3542232,1,Driver,,False,,L,AIR BAG DEPLOYED,E,OCCUPANT SHOULDER HARNESS USED,,VC SECTION VIOLATED,,N,,,B,PROCEEDING STRAIGHT,H,NOT APPLICABLE,,,M,MALE,,C,CA,,,,,2014.0,TOYO,,,,,,,,,,,,,,
11894385,3542228,2,Driver,,False,,N,OTHER,,,,,,N,,,A,STOPPED,H,NOT APPLICABLE,,,M,MALE,,C,CA,H,HISPANIC,,,2006.0,FORD,,,,,,,,,,,,,,
11894384,3542228,1,Driver,True,False,,L,AIR BAG DEPLOYED,Y,MOTOR BICYCLE PASSENGER WITH HELMET,,INATTENTION,OTHER,N,,,B,PROCEEDING STRAIGHT,I,SLEEPY/FATIGUED,,,M,MALE,,C,CA,H,HISPANIC,,,2013.0,FORD,,,,,,,,,,,,,,
11894318,3542196,2,Driver,,False,,M,AIR BAG NOT DEPLOYED,G,OCCUPANT LAP SHOULDER HARNESS USED,CELL PHONE HANDHELD IN USE,NONE APPARENT,,S,,,H,SLOWING/STOPPING,A,HAD NOT BEEN DRINKING,,,M,MALE,,,CA,H,HISPANIC,,,2010.0,MAZD,,,,,,,,,,,,,,
11894317,3542196,1,Driver,,False,,L,AIR BAG DEPLOYED,G,OCCUPANT LAP SHOULDER HARNESS USED,,INATTENTION,OTHER,S,,,B,PROCEEDING STRAIGHT,A,HAD NOT BEEN DRINKING,,,F,FEMALE,,,CA,B,BLACK,,,1995.0,HOND,,,,,,,,,,,,,,
11893681,3541873,2,Pedestrian,,False,,,,,,,,,N,,,B,PROCEEDING STRAIGHT,A,HAD NOT BEEN DRINKING,,,F,FEMALE,,,,A,ASIAN,60.0,Pedestrian,,,,,,,,,,,,,,,,
11893680,3541873,1,Driver,True,False,,,,,,,,,N,,,D,MAKING RIGHT TURN,G,IMPAIRMENT_NOT_KNOWN,,,,,,,,,,,,,,,,,,,,,,,,,,,
11893673,3541869,3,ParkedVehicle,,False,,,,,,,NONE APPARENT,,,,,O,PARKED,H,NOT APPLICABLE,,,,,,,,,,1.0,PassengerCarStationWagonJeep,2009.0,HYUN,,,,,,,,,,,,,,
11893672,3541869,2,ParkedVehicle,,False,,,,,,,NONE APPARENT,,,,,O,PARKED,H,NOT APPLICABLE,,,,,,,,,,1.0,PassengerCarStationWagonJeep,2015.0,FIAT,,,,,,,,,,,,,,
11893671,3541869,1,Driver,True,False,,M,AIR BAG NOT DEPLOYED,B,OCCUPANT UNKNOWN,,VC SECTION VIOLATED - 20001,,S,,,B,PROCEEDING STRAIGHT,D,HBD-IMPAIRMENT UNKNOWN,,,M,MALE,,,,W,WHITE,1.0,PassengerCarStationWagonJeep,2012.0,INFI,,,,,,,,,,,,,,
11887896,3539008,1,Driver,True,True,,M,AIR BAG NOT DEPLOYED,G,OCCUPANT LAP SHOULDER HARNESS USED,CELL PHONE NOT IN USE,VC SECTION VIOLATED / INATTENTION,ELECTRONIC_EQUIPMENT,W,,,B,PROCEEDING STRAIGHT,A,HAD NOT BEEN DRINKING,,,M,MALE,,C,CA,A,ASIAN,48.0,PoliceCar,2011.0,FORD,,,,,,,,,,,,,,
11887881,3539000,3,Driver,,False,,M,AIR BAG NOT DEPLOYED,G,OCCUPANT LAP SHOULDER HARNESS USED,CELL PHONE NOT IN USE,NONE APPARENT,,N,,,H,SLOWING/STOPPING,A,HAD NOT BEEN DRINKING,,,F,FEMALE,,C,CA,A,ASIAN,,,2017.0,ACUR,,,,,,,,,,,,,,
11887880,3539000,2,Driver,,False,,M,AIR BAG NOT DEPLOYED,G,OCCUPANT LAP SHOULDER HARNESS USED,CELL PHONE NOT IN USE,NONE APPARENT,,N,,,H,SLOWING/STOPPING,A,HAD NOT BEEN DRINKING,,,M,MALE,,C,CA,A,ASIAN,,,2010.0,ACUR,,,,,,,,,,,,,,
11887879,3539000,1,Driver,True,False,,M,AIR BAG NOT DEPLOYED,G,OCCUPANT LAP SHOULDER HARNESS USED,CELL PHONE NOT IN USE,NONE APPARENT,,N,,,B,PROCEEDING STRAIGHT,A,HAD NOT BEEN DRINKING,,,M,MALE,,C,CA,B,BLACK,,,2013.0,HOND,,,,,,,,,,,,,,
11887873,3538997,2,Driver,,False,,,,,,,NONE APPARENT,,W,,,B,PROCEEDING STRAIGHT,A,HAD NOT BEEN DRINKING,,,M,MALE,,C,CA,W,WHITE,,,2005.0,FORD,,,,,,,,,,,,,,
11887872,3538997,1,Pedestrian,True,False,,,,,,,NONE APPARENT,,S,,,B,PROCEEDING STRAIGHT,B,HBD-UNDER INFLUENCE,,,M,MALE,,,,W,WHITE,60.0,Pedestrian,,,,,,,,,,,,,,,,
11887860,3538990,2,Driver,,False,,N,OTHER,B,OCCUPANT UNKNOWN,,,,W,,,A,STOPPED,,,,,M,MALE,,,CA,H,HISPANIC,,,2001.0,DODG,,,,,,,,,,,,,,
11887859,3538990,1,Bicyclist,True,False,,,,,,,,,W,,,J,CHANGING LANES,,,,,F,FEMALE,,,,W,WHITE,4.0,Bicycle,,,,,,,,,,,,,,,,
11887851,3538985,2,Driver,,False,,,,,,,NONE APPARENT,,S,,,B,PROCEEDING STRAIGHT,A,HAD NOT BEEN DRINKING,,,M,MALE,,,CA,A,ASIAN,,,2009.0,YAMA,,,,,,,,,,,,,,
11887850,3538985,1,Driver,True,False,,,,G,OCCUPANT LAP SHOULDER HARNESS USED,,INATTENTION / NONE APPARENT,,E,,,E,MAKING LEFT TURN,A,HAD NOT BEEN DRINKING,,,F,FEMALE,,,CA,W,WHITE,,,2004.0,TOYO,,,,,,,,,,,,,,
11887486,3538806,2,Driver,,False,,L,AIR BAG DEPLOYED,G,OCCUPANT LAP SHOULDER HARNESS USED,,,,S,,,H,SLOWING/STOPPING,A,HAD NOT BEEN DRINKING,,,F,FEMALE,,,CA,,,,,2015.0,HOND,,,,,,,,,,,,,,
11887485,3538806,1,Driver,True,False,,,,,,,,,S,,,B,PROCEEDING STRAIGHT,G,IMPAIRMENT_NOT_KNOWN,,,,,,,,,,,,,,,,,,,,,,,,,,,
11887468,3538796,2,Driver,,False,,L,AIR BAG DEPLOYED,G,OCCUPANT LAP SHOULDER HARNESS USED,,,,,,,A,STOPPED,A,HAD NOT BEEN DRINKING,,,F,FEMALE,,,CA,,,,,2008.0,HOND,,,,,,,,,,,,,,
11887467,3538796,1,Driver,True,False,,L,AIR BAG DEPLOYED,G,OCCUPANT LAP SHOULDER HARNESS USED,,,,N,,,B,PROCEEDING STRAIGHT,B,HBD-UNDER INFLUENCE,,,F,FEMALE,,,CA,H,HISPANIC,,,2009.0,ACUR,,,,,,,,,,,,,,
11887452,3538789,2,Driver,,False,,L,AIR BAG DEPLOYED,G,OCCUPANT LAP SHOULDER HARNESS USED,,NONE APPARENT,,W,,,E,MAKING LEFT TURN,A,HAD NOT BEEN DRINKING,,,F,FEMALE,,C,CA,,,,,2008.0,LEXU,,,,,,,,,,,,,,
11887451,3538789,1,Driver,True,False,,N,OTHER,G,OCCUPANT LAP SHOULDER HARNESS USED,,INATTENTION,OTHER,W,,,E,MAKING LEFT TURN,A,HAD NOT BEEN DRINKING,,,F,FEMALE,,C,CA,A,ASIAN,,,2010.0,TOYO,,,,,,,,,,,,,,
11887372,3538749,1,Driver,True,False,,,,,,,NONE APPARENT,,S,,,B,PROCEEDING STRAIGHT,A,HAD NOT BEEN DRINKING,,,F,FEMALE,,,CA,A,ASIAN,,,2007.0,NISS,,,,,,,,,,,,,,
11887368,3538746,1,Driver,True,False,,,,,,,INATTENTION,OTHER,W,,,B,PROCEEDING STRAIGHT,B,HBD-UNDER INFLUENCE,,,M,MALE,,,CA,W,WHITE,,,,,,,,,,,,,,,,,,
11886975,3538547,2,ParkedVehicle,,False,,,,,,,NONE APPARENT,,W,,,O,PARKED,H,NOT APPLICABLE,,,,,,,,,,,,2015.0,HOND,,,,,,,,,,,,,,
11886974,3538547,1,Driver,True,False,,M,AIR BAG NOT DEPLOYED,G,OCCUPANT LAP SHOULDER HARNESS USED,,NONE APPARENT,,,,,B,PROCEEDING STRAIGHT,A,HAD NOT BEEN DRINKING,,,M,MALE,,,CA,H,HISPANIC,,,1999.0,SUBA,,,,,,,,,,,,,,
11886968,3538544,3,Driver,,False,,B,UNKNOWN,G,OCCUPANT LAP SHOULDER HARNESS USED,,,,S,,,,,,,,,F,FEMALE,,,CA,,,,,1995.0,HOND,,,,,,,,,,,,,,
11886967,3538544,2,Driver,,False,,M,AIR BAG NOT DEPLOYED,G,OCCUPANT LAP SHOULDER HARNESS USED,,,,N,,,,,,,,,F,FEMALE,,,CA,H,HISPANIC,,,2002.0,GMCX,,,,,,,,,,,,,,
11886966,3538544,1,Driver,True,False,,L,AIR BAG DEPLOYED,G,OCCUPANT LAP SHOULDER HARNESS USED,,,,W,,,,,,,,,M,MALE,,,CA,,,,,2002.0,HOND,,,,,,,,,,,,,,
11886958,3538540,2,Driver,,False,,M,AIR BAG NOT DEPLOYED,G,OCCUPANT LAP SHOULDER HARNESS USED,,NONE APPARENT,,S,,,B,PROCEEDING STRAIGHT,A,HAD NOT BEEN DRINKING,,,M,MALE,,C,CA,W,WHITE,,,2005.0,VOLV,,,,,,,,,,,,,,
11886957,3538540,1,Driver,,False,,M,AIR BAG NOT DEPLOYED,G,OCCUPANT LAP SHOULDER HARNESS USED,,INATTENTION,OTHER,W,,,F,MAKING U TURN,A,HAD NOT BEEN DRINKING,,,M,MALE,,C,CA,H,HISPANIC,,,2006.0,TOYO,,,,,,,,,,,,,,
11886950,3538536,3,Driver,,False,,M,AIR BAG NOT DEPLOYED,G,OCCUPANT LAP SHOULDER HARNESS USED,,,,S,,,A,STOPPED,A,HAD NOT BEEN DRINKING,,,F,FEMALE,,C,CA,H,HISPANIC,,,2016.0,HOND,,,,,,,,,,,,,,
11886949,3538536,2,Driver,,False,,M,AIR BAG NOT DEPLOYED,G,OCCUPANT LAP SHOULDER HARNESS USED,,VC SECTION VIOLATED - 12500 A,,S,,,B,PROCEEDING STRAIGHT,A,HAD NOT BEEN DRINKING,,,F,FEMALE,,C,CA,H,HISPANIC,,,2007.0,BUIC,,,,,,,,,,,,,,
11886948,3538536,1,Driver,True,False,,L,AIR BAG DEPLOYED,G,OCCUPANT LAP SHOULDER HARNESS USED,,,,S,,,B,PROCEEDING STRAIGHT,A,HAD NOT BEEN DRINKING,,,M,MALE,,C,CA,,,,,2011.0,SUBA,,,,,,,,,,,,,,
11886829,3538473,2,Driver,,False,,M,AIR BAG NOT DEPLOYED,E,OCCUPANT SHOULDER HARNESS USED,,,,N,,,A,STOPPED,A,HAD NOT BEEN DRINKING,,,M,MALE,,F,,W,WHITE,7.0,SportUtilityVehicle,2016.0,NISS,,,,,,,,,,,,,,
11886828,3538473,1,Driver,True,False,,M,AIR BAG NOT DEPLOYED,E,OCCUPANT SHOULDER HARNESS USED,,,,N,,,B,PROCEEDING STRAIGHT,A,HAD NOT BEEN DRINKING,,,F,FEMALE,,C,CA,H,HISPANIC,7.0,SportUtilityVehicle,2014.0,FORD,,,,,,,,,,,,,,
11886596,3538361,2,Driver,,False,,,,G,OCCUPANT LAP SHOULDER HARNESS USED,,,,S,,,A,STOPPED,,,,,M,MALE,,,CA,H,HISPANIC,,,2000.0,NISS,,,,,,,,,,,,,,