PartyId,CollisionId,PartyNumber,PartyType,IsAtFault,IsOnDutyEmergencyVehicle,IsHitAndRun,AirbagCode,AirbagDescription,SafetyEquipmentCode,SafetyEquipmentDescription,Special Information,Other Associate Factor,Inattention,DirectionOfTravel,StreetOrHighwayName,SpeedLimit,MovementPrecCollCode,MovementPrecCollDescription,SobrietyDrugPhysicalCode1,SobrietyDrugPhysicalDescription1,SobrietyDrugPhysicalCode2,SobrietyDrugPhysicalDescription2,GenderCode,GenderDescription,StatedAge,DriverLicenseClass,DriverLicenseStateCode,RaceCode,RaceDesc,Vehicle1TypeId, Vehicle1TypeDesc, Vehicle1Year,Vehicle1Make,Vehicle1Model,Vehicle1Color,V1IsVehicleTowed,Vehicle2TypeId, Vehicle2TypeDesc, Vehicle2Year,Vehicle2Make,Vehicle2Model,Vehicle2Color,V2IsVehicleTowed,Lane,ThruLanes,TotalLanes,IsDREConducted
12089294,3637597,2,Driver,,False,,M,AIR BAG NOT DEPLOYED,C,OCCUPANT LAP BELT USED,,,,E,,,B,PROCEEDING STRAIGHT,A,HAD NOT BEEN DRINKING,,,M,MALE,,,CA,A,ASIAN,,,2011.0,TOYO,,,,,,,,,,,,,,
12089293,3637597,1,Driver,True,False,,M,AIR BAG NOT DEPLOYED,C,OCCUPANT LAP BELT USED,,,,N,,,E,MAKING LEFT TURN,A,HAD NOT BEEN DRINKING,,,M,MALE,,,CA,H,HISPANIC,,,2013.0,KIAX,,,,,,,,,,,,,,
12088402,3637166,1,Driver,,False,,P,NOT REQUIRED,G,OCCUPANT LAP SHOULDER HARNESS USED,,NONE APPARENT,,N,,,R,OTHER,A,HAD NOT BEEN DRINKING,,,M,MALE,,,CA,W,WHITE,,,1968.0,OTAX,,,,,,,,,,,,,,
12088211,3637069,2,Pedestrian,,False,,,,,,,,,N,,,B,PROCEEDING STRAIGHT,,,,,F,FEMALE,,,,H,HISPANIC,60.0,Pedestrian,,,,,,,,,,,,,,,,
12088210,3637069,1,Driver,True,False,,M,AIR BAG NOT DEPLOYED,G,OCCUPANT LAP SHOULDER HARNESS USED,CELL PHONE NOT IN USE,NONE APPARENT,,E,,,D,MAKING RIGHT TURN,A,HAD NOT BEEN DRINKING,,,M,MALE,,,CA,H,HISPANIC,22.0,PickupsAndPanels,2002.0,CHEV,,,,,,,,,,,,,,
12088202,3637064,2,Driver,,False,,M,AIR BAG NOT DEPLOYED,G,OCCUPANT LAP SHOULDER HARNESS USED,,VC SECTION VIOLATED - 14601 1,,N,,,B,PROCEEDING STRAIGHT,A,HAD NOT BEEN DRINKING,,,F,FEMALE,,,CA,,,1.0,PassengerCarStationWagonJeep,1999.0,TOYO,,,,,,,,,,,,,,
12088201,3637064,1,Driver,True,False,,M,AIR BAG NOT DEPLOYED,G,OCCUPANT LAP SHOULDER HARNESS USED,,,,S,,,E,MAKING LEFT TURN,A,HAD NOT BEEN DRINKING,,,F,FEMALE,,,CA,A,ASIAN,1.0,PassengerCarStationWagonJeep,2013.0,TOYO,,,,,,,,,,,,,,
12088194,3637060,2,Driver,,False,,M,AIR BAG NOT DEPLOYED,G,OCCUPANT LAP SHOULDER HARNESS USED,,,,N,,,B,PROCEEDING STRAIGHT,A,HAD NOT BEEN DRINKING,,,M,MALE,,,CA,W,WHITE,22.0,PickupsAndPanels,1993.0,FORD,,,,,,,,,,,,,,
12088193,3637060,1,Driver,True,False,,M,AIR BAG NOT DEPLOYED,G,OCCUPANT LAP SHOULDER HARNESS USED,,UNFAMILIAR WITH ROAD,,N,,,J,CHANGING LANES,A,HAD NOT BEEN DRINKING,,,F,FEMALE,,,CA,W,WHITE,1.0,PassengerCarStationWagonJeep,2016.0,FORD,,,,,,,,,,,,,,
12088186,3637056,2,Driver,,False,,M,AIR BAG NOT DEPLOYED,G,OCCUPANT LAP SHOULDER HARNESS USED,,NONE APPARENT,,E,,,J,CHANGING LANES,A,HAD NOT BEEN DRINKING,,,M,MALE,,,CA,A,ASIAN,,,2009.0,TOYO,,,,,,,,,,,,,,
12088185,3637056,1,Driver,,False,,M,AIR BAG NOT DEPLOYED,G,OCCUPANT LAP SHOULDER HARNESS USED,,NONE APPARENT,,E,,,B,PROCEEDING STRAIGHT,A,HAD NOT BEEN DRINKING,,,M,MALE,,,CA,A,ASIAN,,,2004.0,ACUR,,,,,,,,,,,,,,
12088179,3637052,3,Driver,,False,,M,AIR BAG NOT DEPLOYED,G,OCCUPANT LAP SHOULDER HARNESS USED,,NONE APPARENT,,E,,,E,MAKING LEFT TURN,A,HAD NOT BEEN DRINKING,,,M,MALE,,,CA,H,HISPANIC,,,2012.0,NISS,,,,,,,,,,,,,,
12088178,3637052,2,Driver,,False,,L,AIR BAG DEPLOYED,G,OCCUPANT LAP SHOULDER HARNESS USED,,NONE APPARENT,,W,,,B,PROCEEDING STRAIGHT,A,HAD NOT BEEN DRINKING,,,F,FEMALE,,,CA,H,HISPANIC,,,2000.0,MERB,,,,,,,,,,,,,,
12088177,3637052,1,Driver,True,False,,L,AIR BAG DEPLOYED,G,OCCUPANT LAP SHOULDER HARNESS USED,,INATTENTION,OTHER,S,,,E,MAKING LEFT TURN,A,HAD NOT BEEN DRINKING,,,M,MALE,,,CA,A,ASIAN,1.0,PassengerCarStationWagonJeep,2006.0,HOND,,,,,,,,,,,,,,
12088167,3637047,2,Driver,,False,,L,AIR BAG DEPLOYED,G,OCCUPANT LAP SHOULDER HARNESS USED,,NONE APPARENT,,W,,,B,PROCEEDING STRAIGHT,A,HAD NOT BEEN DRINKING,,,F,FEMALE,,,CA,O,OTHER,,,2015.0,SUBA,,,,,,,,,,,,,,
12088166,3637047,1,Driver,True,False,,L,AIR BAG DEPLOYED,G,OCCUPANT LAP SHOULDER HARNESS USED,,NONE APPARENT,,N,,,B,PROCEEDING STRAIGHT,A,HAD NOT BEEN DRINKING,,,M,MALE,,,CA,H,HISPANIC,1.0,PassengerCarStationWagonJeep,2016.0,HOND,,,,,,,,,,,,,,
12088161,3637044,2,Driver,,False,,L,AIR BAG DEPLOYED,E,OCCUPANT SHOULDER HARNESS USED,,,,N,,,R,OTHER,H,NOT APPLICABLE,,,M,MALE,,,CA,H,HISPANIC,,,2014.0,JEEP,,,,,,,,,,,,,,
12088160,3637044,1,Driver,True,False,,M,AIR BAG NOT DEPLOYED,E,OCCUPANT SHOULDER HARNESS USED,,VC SECTION VIOLATED - 25300 A,,N,,,B,PROCEEDING STRAIGHT,A,HAD NOT BEEN DRINKING,,,M,MALE,,,CA,H,HISPANIC,,,1989.0,FORD,,,,,,,,,,,,,,
12087827,3636879,2,Driver,,False,,M,AIR BAG NOT DEPLOYED,G,OCCUPANT LAP SHOULDER HARNESS USED,CELL PHONE NOT IN USE,NONE APPARENT,,S,,,E,MAKING LEFT TURN,H,NOT APPLICABLE,,,M,MALE,,,CA,H,HISPANIC,1.0,PassengerCarStationWagonJeep,2007.0,FORD,,,,,,,,,,,,,,
12087826,3636879,1,Driver,True,False,,L,AIR BAG DEPLOYED,G,OCCUPANT LAP SHOULDER HARNESS USED,CELL PHONE NOT IN USE,NONE APPARENT,,W,,,B,PROCEEDING STRAIGHT,H,NOT APPLICABLE,,,M,MALE,,,CA,,,22.0,PickupsAndPanels,2016.0,FORD,,,,,,,,,,,,,,
12087819,3636875,2,Driver,,False,,M,AIR BAG NOT DEPLOYED,G,OCCUPANT LAP SHOULDER HARNESS USED,,,,W,,,B,PROCEEDING STRAIGHT,A,HAD NOT BEEN DRINKING,,,F,FEMALE,,,CA,B,BLACK,1.0,PassengerCarStationWagonJeep,2001.0,HOND,,,,,,,,,,,,,,
12087818,3636875,1,Pedestrian,True,False,,,,,,,,,S,,,R,OTHER,B,HBD-UNDER INFLUENCE,,,M,MALE,,,,H,HISPANIC,60.0,Pedestrian,,,,,,,,,,,,,,,,
12087810,3636870,2,Driver,,False,,M,AIR BAG NOT DEPLOYED,G,OCCUPANT LAP SHOULDER HARNESS USED,,,,N,,,B,PROCEEDING STRAIGHT,A,HAD NOT BEEN DRINKING,,,M,MALE,,,CA,A,ASIAN,7.0,SportUtilityVehicle,2016.0,TOYO,,,,,,,,,,,,,,
12087809,3636870,1,Driver,,False,,M,AIR BAG NOT DEPLOYED,G,OCCUPANT LAP SHOULDER HARNESS USED,,,,N,,,D,MAKING RIGHT TURN,A,HAD NOT BEEN DRINKING,,,M,MALE,,,CA,W,WHITE,22.0,PickupsAndPanels,2016.0,FORD,,,,,,,,,,,,,,
12087806,3636867,2,Driver,,False,,M,AIR BAG NOT DEPLOYED,G,OCCUPANT LAP SHOULDER HARNESS USED,CELL PHONE NOT IN USE,,,S,,,B,PROCEEDING STRAIGHT,,,,,F,FEMALE,,,CA,O,OTHER,7.0,SportUtilityVehicle,2004.0,ACUR,,,,,,,,,,,,,,
12087805,3636867,1,Driver,,False,,M,AIR BAG NOT DEPLOYED,G,OCCUPANT LAP SHOULDER HARNESS USED,CELL PHONE NOT IN USE,,,W,,,B,PROCEEDING STRAIGHT,,,,,F,FEMALE,,,CA,H,HISPANIC,1.0,PassengerCarStationWagonJeep,2000.0,HOND,,,,,,,,,,,,,,
12087802,3636865,2,Driver,,False,,L,AIR BAG DEPLOYED,G,OCCUPANT LAP SHOULDER HARNESS USED,,,,W,,,A,STOPPED,A,HAD NOT BEEN DRINKING,,,M,MALE,,,CA,,,1.0,PassengerCarStationWagonJeep,2006.0,TOYO,,,,,,,,,,,,,,
12087801,3636865,1,Driver,,False,,L,AIR BAG DEPLOYED,G,OCCUPANT LAP SHOULDER HARNESS USED,,,,S,,,A,STOPPED,A,HAD NOT BEEN DRINKING,,,M,MALE,,,CA,,,,,2017.0,VOLK,,,,,,,,,,,,,,
12087792,3636859,5,Driver,,False,,,,,,,NONE APPARENT,,E,,,A,STOPPED,A,HAD NOT BEEN DRINKING,,,M,MALE,,,CA,W,WHITE,,,2014.0,BMWX,,,,,,,,,,,,,,
12087791,3636859,4,Driver,,False,,,,,,,NONE APPARENT,,E,,,A,STOPPED,A,HAD NOT BEEN DRINKING,,,M,MALE,,,CA,H,HISPANIC,,,2013.0,DODG,,,,,,,,,,,,,,
12087790,3636859,3,Driver,,False,,,,,,,NONE APPARENT,,E,,,A,STOPPED,A,HAD NOT BEEN DRINKING,,,F,FEMALE,,,CA,H,HISPANIC,,,2006.0,LEXU,,,,,,,,,,,,,,
12087789,3636859,2,Driver,,False,,,,,,,NONE APPARENT,,E,,,A,STOPPED,A,HAD NOT BEEN DRINKING,,,M,MALE,,,CA,H,HISPANIC,,,2008.0,FORD,,,,,,,,,,,,,,
12087788,3636859,1,Driver,True,False,,,,,,,INATTENTION,OTHER,W,,,E,MAKING LEFT TURN,A,HAD NOT BEEN DRINKING,,,F,FEMALE,,,CA,,,1.0,PassengerCarStationWagonJeep,2016.0,TOYO,,,,,,,,,,,,,,
12087781,3636855,2,Driver,,False,,M,AIR BAG NOT DEPLOYED,G,OCCUPANT LAP SHOULDER HARNESS USED,CELL PHONE NOT IN USE,NONE APPARENT,,N,,,A,STOPPED,A,HAD NOT BEEN DRINKING,,,M,MALE,,,CA,W,WHITE,,,2014.0,DODG,,,,,,,,,,,,,,
12087780,3636855,1,Driver,True,False,,M,AIR BAG NOT DEPLOYED,G,OCCUPANT LAP SHOULDER HARNESS USED,CELL PHONE NOT IN USE,NONE APPARENT,,N,,,B,PROCEEDING STRAIGHT,A,HAD NOT BEEN DRINKING,,,M,MALE,,,CA,,,,,2000.0,TOYO,,,,,,,,,,,,,,
12087774,3636852,2,Driver,,False,,L,AIR BAG DEPLOYED,G,OCCUPANT LAP SHOULDER HARNESS USED,CELL PHONE NOT IN USE,NONE APPARENT,,W,,,B,PROCEEDING STRAIGHT,A,HAD NOT BEEN DRINKING,,,F,FEMALE,,,CA,A,ASIAN,,,1999.0,NISS,,,,,,,,,,,,,,
12087773,3636852,1,Driver,True,False,,N,OTHER,G,OCCUPANT LAP SHOULDER HARNESS USED,CELL PHONE NOT IN USE,OTHER,,E,,,E,MAKING LEFT TURN,A,HAD NOT BEEN DRINKING,,,F,FEMALE,,,CA,W,WHITE,,,2017.0,TOYO,,,,,,,,,,,,,,
12087762,3636846,2,Driver,,False,,M,AIR BAG NOT DEPLOYED,G,OCCUPANT LAP SHOULDER HARNESS USED,,,,N,,,B,PROCEEDING STRAIGHT,A,HAD NOT BEEN DRINKING,,,M,MALE,,,CA,H,HISPANIC,,,1988.0,VOLK,,,,,,,,,,,,,,
12087761,3636846,1,Driver,True,False,,B,UNKNOWN,,,,,,E,,,B,PROCEEDING STRAIGHT,G,IMPAIRMENT_NOT_KNOWN,,,,,,,,,,,,,,,,,,,,,,,,,,,
12104484,3645072,2,Driver,,False,,L,AIR BAG DEPLOYED,G,OCCUPANT LAP SHOULDER HARNESS USED,CELL PHONE NOT IN USE,NONE APPARENT,,E,,,E,MAKING LEFT TURN,A,HAD NOT BEEN DRINKING,,,M,MALE,,,CA,,,,,2017.0,CHEV,,,,,,,,,,,,,,
12104483,3645072,1,Driver,True,False,,L,AIR BAG DEPLOYED,G,OCCUPANT LAP SHOULDER HARNESS USED,CELL PHONE NOT IN USE,NONE APPARENT,,W,,,B,PROCEEDING STRAIGHT,A,HAD NOT BEEN DRINKING,,,M,MALE,,,CA,H,HISPANIC,,,2011.0,LEXU,,,,,,,,,,,,,,
12103371,3644532,2,Driver,,False,,,,,,,NONE APPARENT,,E,,,A,STOPPED,A,HAD NOT BEEN DRINKING,,,F,FEMALE,,,CA,W,WHITE,,,2009.0,BMWX,,,,,,,,,,,,,,
12103370,3644532,1,Driver,True,False,,,,,,,INATTENTION,OTHER,E,,,B,PROCEEDING STRAIGHT,A,HAD NOT BEEN DRINKING,,,M,MALE,,,,H,HISPANIC,,,1999.0,GMCX,,,,,,,,,,,,,,
12103363,3644528,2,Driver,,False,,M,AIR BAG NOT DEPLOYED,G,OCCUPANT LAP SHOULDER HARNESS USED,,NONE APPARENT,,S,,,H,SLOWING/STOPPING,A,HAD NOT BEEN DRINKING,,,M,MALE,,,CA,,,,,2010.0,TOYO,,,,,,,,,,,,,,
12103362,3644528,1,Driver,True,False,,B,UNKNOWN,,,,VC SECTION VIOLATED - 20001 / NONE APPARENT,,S,,,B,PROCEEDING STRAIGHT,D,HBD-IMPAIRMENT UNKNOWN,,,,,,,,,,,,2015.0,HOND,,,,,,,,,,,,,,
12103314,3644506,2,Driver,,False,,,,,,CELL PHONE NOT IN USE,,,N,,,B,PROCEEDING STRAIGHT,A,HAD NOT BEEN DRINKING,,,M,MALE,,,CA,W,WHITE,,,2016.0,NISS,,,,,,,,,,,,,,
12103313,3644506,1,Driver,True,False,,L,AIR BAG DEPLOYED,E,OCCUPANT SHOULDER HARNESS USED,CELL PHONE NOT IN USE,VC SECTION VIOLATED - 12500 / ENTERING OR LEAVING RAMP,,E,,,B,PROCEEDING STRAIGHT,A,HAD NOT BEEN DRINKING,,,M,MALE,,,,H,HISPANIC,,,2004.0,ACUR,,,,,,,,,,,,,,
12101912,3643817,2,Driver,,False,,L,AIR BAG DEPLOYED,G,OCCUPANT LAP SHOULDER HARNESS USED,,NONE APPARENT,,N,,,E,MAKING LEFT TURN,A,HAD NOT BEEN DRINKING,,,F,FEMALE,,,CA,H,HISPANIC,,,2014.0,NISS,,,,,,,,,,,,,,
12101911,3643817,1,Driver,True,False,,L,AIR BAG DEPLOYED,G,OCCUPANT LAP SHOULDER HARNESS USED,,NONE APPARENT,,E,,,B,PROCEEDING STRAIGHT,A,HAD NOT BEEN DRINKING,,,M,MALE,,,CA,,,,,2012.0,MITS,,,,,,,,,,,,,,
12101605,3643667,2,Driver,,False,,L,AIR BAG DEPLOYED,G,OCCUPANT LAP SHOULDER HARNESS USED,,,,E,,,B,PROCEEDING STRAIGHT,A,HAD NOT BEEN DRINKING,,,F,FEMALE,,,CA,H,HISPANIC,,,2016.0,NISS,,,,,,,,,,,,,,
12101604,3643667,1,Driver,True,False,,M,AIR BAG NOT DEPLOYED,G,OCCUPANT LAP SHOULDER HARNESS USED,,,,W,,,E,MAKING LEFT TURN,A,HAD NOT BEEN DRINKING,,,M,MALE,,,CA,W,WHITE,,,2002.0,PETE,,,,,,,,,,,,,,
12101579,3643655,2,Driver,,False,,M,AIR BAG NOT DEPLOYED,G,OCCUPANT LAP SHOULDER HARNESS USED,,OTHER,,N,,,B,PROCEEDING STRAIGHT,A,HAD NOT BEEN DRINKING,,,M,MALE,,,CA,A,ASIAN,,,1990.0,CHEV,,,,,,,,,,,,,,
12101578,3643655,1,Driver,True,False,,L,AIR BAG DEPLOYED,E,OCCUPANT SHOULDER HARNESS USED,,VC SECTION VIOLATED - 23153,,N,,,B,PROCEEDING STRAIGHT,B,HBD-UNDER INFLUENCE,,,M,MALE,,,CA,H,HISPANIC,,,2012.0,NISS,,,,,,,,,,,,,,
12099649,3642706,3,ParkedVehicle,,False,,,,,,,,,,,,,,,,,,,,,,,,,,,2007.0,HOND,,,,,,,,,,,,,,
12099648,3642706,2,ParkedVehicle,,False,,,,,,,,,,,,,,,,,,,,,,,,,,,2007.0,HOND,,,,,,,,,,,,,,
12099647,3642706,1,Driver,True,False,,L,AIR BAG DEPLOYED,G,OCCUPANT LAP SHOULDER HARNESS USED,HAZARDOUS MATERIAL,,,N,,,B,PROCEEDING STRAIGHT,A,HAD NOT BEEN DRINKING,,,M,MALE,,,CA,W,WHITE,,,2001.0,JEEP,,,,,,,,,,,,,,
12099642,3642702,2,Driver,,False,,L,AIR BAG DEPLOYED,G,OCCUPANT LAP SHOULDER HARNESS USED,,,,W,,,E,MAKING LEFT TURN,A,HAD NOT BEEN DRINKING,,,M,MALE,,,CA,W,WHITE,,,2008.0,NISS,,,,,,,,,,,,,,
12099641,3642702,1,Driver,True,False,,M,AIR BAG NOT DEPLOYED,G,OCCUPANT LAP SHOULDER HARNESS USED,,,,S,,,B,PROCEEDING STRAIGHT,A,HAD NOT BEEN DRINKING,,,M,MALE,,,CA,H,HISPANIC,,,1996.0,HOND,,,,,,,,,,,,,,
12099632,3642698,1,Driver,True,False,,L,AIR BAG DEPLOYED,S,CHILD IN VEHICLE USE UNKNOWN,,NONE APPARENT,,N,,,B,PROCEEDING STRAIGHT,B,HBD-UNDER INFLUENCE,,,F,FEMALE,,,CA,H,HISPANIC,,,2012.0,HOND,,,,,,,,,,,,,,
12099628,3642695,2,Driver,,False,,M,AIR BAG NOT DEPLOYED,H,OCCUPANT LAP SHOULDER HARNESS NOT USED,,NONE APPARENT,,W,,,D,MAKING RIGHT TURN,A,HAD NOT BEEN DRINKING,,,F,FEMALE,,,CA,O,OTHER,,,2008.0,BMWX,,,,,,,,,,,,,,
12099627,3642695,1,Bicyclist,True,False,,,,,,,NONE APPARENT,,N,,,B,PROCEEDING STRAIGHT,A,HAD NOT BEEN DRINKING,,,M,MALE,,,,H,HISPANIC,4.0,Bicycle,,,,,,,,,,,,,,,,
12099617,3642690,2,Bicyclist,,False,,,,,,CELL PHONE NOT IN USE,NONE APPARENT,,N,,,B,PROCEEDING STRAIGHT,A,HAD NOT BEEN DRINKING,,,M,MALE,,,,O,OTHER,4.0,Bicycle,,,,,,,,,,,,,,,,
12099616,3642690,1,Driver,True,False,,M,AIR BAG NOT DEPLOYED,G,OCCUPANT LAP SHOULDER HARNESS USED,CELL PHONE NOT IN USE,OTHER,,W,,,D,MAKING RIGHT TURN,A,HAD NOT BEEN DRINKING,,,M,MALE,,,CA,O,OTHER,,,1994.0,FORD,,,,,,,,,,,,,,
12099609,3642686,2,Bicyclist,,False,,,,,,,,,W,,,,,A,HAD NOT BEEN DRINKING,,,M,MALE,,,,H,HISPANIC,4.0,Bicycle,,,,,,,,,,,,,,,,
12099608,3642686,1,Driver,True,False,,M,AIR BAG NOT DEPLOYED,G,OCCUPANT LAP SHOULDER HARNESS USED,,,,W,,,B,PROCEEDING STRAIGHT,A,HAD NOT BEEN DRINKING,,,M,MALE,,,CA,,,,,2014.0,HYUN,,,,,,,,,,,,,,
12099599,3642682,2,Driver,,False,,M,AIR BAG NOT DEPLOYED,G,OCCUPANT LAP SHOULDER HARNESS USED,,NONE APPARENT,,N,,,B,PROCEEDING STRAIGHT,A,HAD NOT BEEN DRINKING,,,F,FEMALE,,,CA,,,,,2010.0,MAZD,,,,,,,,,,,,,,
12099598,3642682,1,Bicyclist,,False,,,,,,,NONE APPARENT,,W,,,B,PROCEEDING STRAIGHT,A,HAD NOT BEEN DRINKING,,,F,FEMALE,,,,H,HISPANIC,4.0,Bicycle,,,,,,,,,,,,,,,,
12099590,3642678,2,Driver,,False,,M,AIR BAG NOT DEPLOYED,G,OCCUPANT LAP SHOULDER HARNESS USED,CELL PHONE NOT IN USE,NONE APPARENT,,S,,,A,STOPPED,A,HAD NOT BEEN DRINKING,,,F,FEMALE,,,CA,O,OTHER,,,2016.0,LEXU,,,,,,,,,,,,,,
12099589,3642678,1,Driver,,False,,M,AIR BAG NOT DEPLOYED,G,OCCUPANT LAP SHOULDER HARNESS USED,CELL PHONE NOT IN USE,NONE APPARENT,,S,,,A,STOPPED,A,HAD NOT BEEN DRINKING,,,F,FEMALE,,,CA,O,OTHER,,,2000.0,TOYO,,,,,,,,,,,,,,
12099584,3642675,2,Driver,,False,,M,AIR BAG NOT DEPLOYED,G,OCCUPANT LAP SHOULDER HARNESS USED,CELL PHONE NOT IN USE,NONE APPARENT,,E,,,B,PROCEEDING STRAIGHT,A,HAD NOT BEEN DRINKING,,,F,FEMALE,,,CA,H,HISPANIC,,,2005.0,SUZU,,,,,,,,,,,,,,
12099583,3642675,1,Driver,True,False,,M,AIR BAG NOT DEPLOYED,G,OCCUPANT LAP SHOULDER HARNESS USED,CELL PHONE NOT IN USE,VC SECTION VIOLATED - 21453 A,,N,,,B,PROCEEDING STRAIGHT,A,HAD NOT BEEN DRINKING,,,M,MALE,,,CA,H,HISPANIC,,,2002.0,CHEV,,,,,,,,,,,,,,
12099576,3642670,2,Driver,,False,,M,AIR BAG NOT DEPLOYED,G,OCCUPANT LAP SHOULDER HARNESS USED,,,,N,,,B,PROCEEDING STRAIGHT,A,HAD NOT BEEN DRINKING,,,M,MALE,,,CA,H,HISPANIC,,,2017.0,CHEV,,,,,,,,,,,,,,
12099575,3642670,1,Driver,True,False,,M,AIR BAG NOT DEPLOYED,G,OCCUPANT LAP SHOULDER HARNESS USED,,,,N,,,A,STOPPED,A,HAD NOT BEEN DRINKING,,,F,FEMALE,,,CA,,,,,1998.0,TOYO,,,,,,,,,,,,,,
12099568,3642666,2,Driver,,False,,L,AIR BAG DEPLOYED,G,OCCUPANT LAP SHOULDER HARNESS USED,CELL PHONE NOT IN USE,NONE APPARENT,,W,,,E,MAKING LEFT TURN,A,HAD NOT BEEN DRINKING,,,M,MALE,,,CA,W,WHITE,,,2011.0,VOLV,,,,,,,,,,,,,,
12099567,3642666,1,Driver,True,False,,L,AIR BAG DEPLOYED,G,OCCUPANT LAP SHOULDER HARNESS USED,CELL PHONE NOT IN USE,NONE APPARENT,,E,,,B,PROCEEDING STRAIGHT,A,HAD NOT BEEN DRINKING,,,F,FEMALE,,,CA,H,HISPANIC,,,1996.0,TOYO,,,,,,,,,,,,,,
12099561,3642663,4,ParkedVehicle,,False,,,,,,CELL PHONE NOT IN USE,,,,,,O,PARKED,H,NOT APPLICABLE,,,,,,,,,,,,2006.0,LEXU,,,,,,,,,,,,,,
12099560,3642663,3,ParkedVehicle,,False,,,,,,,,,,,,O,PARKED,H,NOT APPLICABLE,,,,,,,,,,,,1998.0,NISS,,,,,,,,,,,,,,
12099559,3642663,2,Driver,,False,,L,AIR BAG DEPLOYED,G,OCCUPANT LAP SHOULDER HARNESS USED,CELL PHONE NOT IN USE,NONE APPARENT,,W,,,E,MAKING LEFT TURN,A,HAD NOT BEEN DRINKING,,,F,FEMALE,,,CA,A,ASIAN,,,2015.0,NISS,,,,,,,,,,,,,,
12099558,3642663,1,Driver,True,False,,L,AIR BAG DEPLOYED,G,OCCUPANT LAP SHOULDER HARNESS USED,CELL PHONE NOT IN USE,NONE APPARENT,,N,,,B,PROCEEDING STRAIGHT,A,HAD NOT BEEN DRINKING,,,M,MALE,,,CA,H,HISPANIC,,,2017.0,HYUN,,,,,,,,,,,,,,
12099549,3642658,2,Driver,,False,,M,AIR BAG NOT DEPLOYED,G,OCCUPANT LAP SHOULDER HARNESS USED,CELL PHONE NOT IN USE,,,N,,,B,PROCEEDING STRAIGHT,A,HAD NOT BEEN DRINKING,,,F,FEMALE,,,CA,W,WHITE,,,2001.0,HOND,,,,,,,,,,,,,,
12099548,3642658,1,Driver,True,False,,M,AIR BAG NOT DEPLOYED,G,OCCUPANT LAP SHOULDER HARNESS USED,CELL PHONE NOT IN USE,VC SECTION VIOLATED - 12500 A,,N,,,B,PROCEEDING STRAIGHT,A,HAD NOT BEEN DRINKING,,,F,FEMALE,,,CA,H,HISPANIC,,,2009.0,CHRY,,,,,,,,,,,,,,
12099539,3642654,1,Driver,True,False,,L,AIR BAG DEPLOYED,E,OCCUPANT SHOULDER HARNESS USED,CELL PHONE NOT IN USE,NONE APPARENT,,N,,,C,RAN OFF ROAD,C,HBD-NOT UNDER INFLUENCE,,,M,MALE,,,CA,A,ASIAN,,,2016.0,NISS,,,,,,,,,,,,,,
12099533,3642650,2,ParkedVehicle,,False,,,,,,,NONE APPARENT,,,,,O,PARKED,H,NOT APPLICABLE,,,,,,,,,,,,2010.0,HOND,,,,,,,,,,,,,,
12099532,3642650,1,Driver,True,False,,,,,,,INATTENTION,OTHER,S,,,M,OTHER UNSAFE TURNING,B,HBD-UNDER INFLUENCE,,,F,FEMALE,,,CA,W,WHITE,,,2016.0,MAZD,,,,,,,,,,,,,,
12099526,3642645,2,Driver,,False,,,,,,,RUNAWAY VEHICLE,,S,,,B,PROCEEDING STRAIGHT,A,HAD NOT BEEN DRINKING,,,F,FEMALE,,,CA,W,WHITE,,,2012.0,TOYO,,,,,,,,,,,,,,
12099525,3642645,1,Driver,True,False,,,,,,,NONE APPARENT,,N,,,E,MAKING LEFT TURN,A,HAD NOT BEEN DRINKING,,,M,MALE,,,CA,W,WHITE,,,2017.0,FORD,,,,,,,,,,,,,,
12099518,3642641,2,Driver,,False,,M,AIR BAG NOT DEPLOYED,E,OCCUPANT SHOULDER HARNESS USED,,,,S,,,B,PROCEEDING STRAIGHT,A,HAD NOT BEEN DRINKING,,,M,MALE,,,CA,A,ASIAN,,,2013.0,MAZD,,,,,,,,,,,,,,
12099517,3642641,1,Driver,True,False,,L,AIR BAG DEPLOYED,E,OCCUPANT SHOULDER HARNESS USED,,,,E,,,E,MAKING LEFT TURN,A,HAD NOT BEEN DRINKING,,,F,FEMALE,,,CA,W,WHITE,,,2010.0,HOND,,,,,,,,,,,,,,
12099512,3642638,1,Driver,,False,,L,AIR BAG DEPLOYED,G,OCCUPANT LAP SHOULDER HARNESS USED,,OTHER,,S,,,C,RAN OFF ROAD,G,IMPAIRMENT_NOT_KNOWN,,,M,MALE,,,CA,H,HISPANIC,,,2008.0,MAZD,,,,,,,,,,,,,,
12098616,3642193,2,Pedestrian,,False,,,,,,,,,W,,,R,OTHER,A,HAD NOT BEEN DRINKING,,,F,FEMALE,,,,H,HISPANIC,60.0,Pedestrian,,,,,,,,,,,,,,,,
12098615,3642193,1,Driver,True,False,,,,,,,VISION OBSCUREMENT,,N,,,E,MAKING LEFT TURN,A,HAD NOT BEEN DRINKING,,,M,MALE,,,CA,H,HISPANIC,,,2004.0,INTE,,,,,,,,,,,,,,
12116787,3651137,1,Driver,True,False,,,,,,,DEFECTIVE VEHICLE EQUIPMENT,,E,,,B,PROCEEDING STRAIGHT,A,HAD NOT BEEN DRINKING,,,F,FEMALE,,,CA,A,ASIAN,,,2000.0,SATU,,,,,,,,,,,,,,
12116786,3651136,2,Driver,,False,,M,AIR BAG NOT DEPLOYED,G,OCCUPANT LAP SHOULDER HARNESS USED,,NONE APPARENT,,S,,,B,PROCEEDING STRAIGHT,A,HAD NOT BEEN DRINKING,,,F,FEMALE,,,CA,W,WHITE,,,2007.0,FORD,,,,,,,,,,,,,,
12116785,3651136,1,Bicyclist,True,False,,,,,,,NONE APPARENT,,W,,,B,PROCEEDING STRAIGHT,A,HAD NOT BEEN DRINKING,,,M,MALE,,,,H,HISPANIC,4.0,Bicycle,,,,,,,,,,,,,,,,