PartyId,CollisionId,PartyNumber,PartyType,IsAtFault,IsOnDutyEmergencyVehicle,IsHitAndRun,AirbagCode,AirbagDescription,SafetyEquipmentCode,SafetyEquipmentDescription,Special Information,Other Associate Factor,Inattention,DirectionOfTravel,StreetOrHighwayName,SpeedLimit,MovementPrecCollCode,MovementPrecCollDescription,SobrietyDrugPhysicalCode1,SobrietyDrugPhysicalDescription1,SobrietyDrugPhysicalCode2,SobrietyDrugPhysicalDescription2,GenderCode,GenderDescription,StatedAge,DriverLicenseClass,DriverLicenseStateCode,RaceCode,RaceDesc,Vehicle1TypeId, Vehicle1TypeDesc, Vehicle1Year,Vehicle1Make,Vehicle1Model,Vehicle1Color,V1IsVehicleTowed,Vehicle2TypeId, Vehicle2TypeDesc, Vehicle2Year,Vehicle2Make,Vehicle2Model,Vehicle2Color,V2IsVehicleTowed,Lane,ThruLanes,TotalLanes,IsDREConducted
12118212,3651845,2,Driver,,False,,L,AIR BAG DEPLOYED,C,OCCUPANT LAP BELT USED,,VC SECTION VIOLATED,,N,,,B,PROCEEDING STRAIGHT,A,HAD NOT BEEN DRINKING,,,F,FEMALE,,,CA,A,ASIAN,,,2014.0,ACUR,,,,,,,,,,,,,,
12118211,3651845,1,Driver,True,False,,L,AIR BAG DEPLOYED,C,OCCUPANT LAP BELT USED,,VC SECTION VIOLATED - 22350,,E,,,B,PROCEEDING STRAIGHT,A,HAD NOT BEEN DRINKING,,,F,FEMALE,,,CA,H,HISPANIC,,,2017.0,NISS,,,,,,,,,,,,,,
12118022,3651743,2,Driver,,False,,,,,,,,,E,,,N,XING INTO OPPOSING LANE,A,HAD NOT BEEN DRINKING,,,M,MALE,,,CA,H,HISPANIC,,,1998.0,FORD,,,,,,,,,,,,,,
12118021,3651743,1,Driver,True,False,,N,OTHER,H,OCCUPANT LAP SHOULDER HARNESS NOT USED,,,,N,,,B,PROCEEDING STRAIGHT,A,HAD NOT BEEN DRINKING,,,M,MALE,,,CA,W,WHITE,,,,,,,,,,,,,,,,,,
12118014,3651739,2,Driver,,False,,M,AIR BAG NOT DEPLOYED,G,OCCUPANT LAP SHOULDER HARNESS USED,CELL PHONE NOT IN USE,NONE APPARENT,,W,,,A,STOPPED,A,HAD NOT BEEN DRINKING,,,M,MALE,,,CA,A,ASIAN,,,2016.0,TESL,,,,,,,,,,,,,,
12118013,3651739,1,Bicyclist,,False,,,,,,CELL PHONE NOT IN USE,NONE APPARENT,,N,,,B,PROCEEDING STRAIGHT,A,HAD NOT BEEN DRINKING,,,M,MALE,,,,W,WHITE,4.0,Bicycle,,,,,,,,,,,,,,,,
12118005,3651735,2,Driver,,False,,M,AIR BAG NOT DEPLOYED,G,OCCUPANT LAP SHOULDER HARNESS USED,,,,N,,,E,MAKING LEFT TURN,A,HAD NOT BEEN DRINKING,,,F,FEMALE,,,CA,,,,,2004.0,TOYO,,,,,,,,,,,,,,
12118004,3651735,1,Driver,True,False,,L,AIR BAG DEPLOYED,G,OCCUPANT LAP SHOULDER HARNESS USED,,VC SECTION VIOLATED - 22350,,E,,,B,PROCEEDING STRAIGHT,A,HAD NOT BEEN DRINKING,,,F,FEMALE,,,CA,H,HISPANIC,,,2008.0,BMWX,,,,,,,,,,,,,,
12117997,3651731,2,Driver,,False,,,,,,,NONE APPARENT,,N,,,B,PROCEEDING STRAIGHT,A,HAD NOT BEEN DRINKING,,,F,FEMALE,,,CA,,,,,2002.0,LEXU,,,,,,,,,,,,,,
12117996,3651731,1,Driver,True,False,,,,,,,NONE APPARENT,,E,,,B,PROCEEDING STRAIGHT,A,HAD NOT BEEN DRINKING,,,M,MALE,,,CA,H,HISPANIC,,,2014.0,HOND,,,,,,,,,,,,,,
12117988,3651727,1,Driver,True,False,,L,AIR BAG DEPLOYED,E,OCCUPANT SHOULDER HARNESS USED,,,,W,,,B,PROCEEDING STRAIGHT,A,HAD NOT BEEN DRINKING,,,F,FEMALE,,,CA,,,,,2006.0,TOYO,,,,,,,,,,,,,,
12136774,3660917,2,Driver,,False,,M,AIR BAG NOT DEPLOYED,G,OCCUPANT LAP SHOULDER HARNESS USED,,NONE APPARENT,,E,,,A,STOPPED,A,HAD NOT BEEN DRINKING,,,M,MALE,,,CA,H,HISPANIC,,,2016.0,HOND,,,,,,,,,,,,,,
12136773,3660917,1,Driver,True,False,,,,,,,NONE APPARENT,,E,,,D,MAKING RIGHT TURN,G,IMPAIRMENT_NOT_KNOWN,,,,,,,,,,,,,HOND,,,,,,,,,,,,,,
12136765,3660913,2,ParkedVehicle,,False,,,,,,,VC SECTION VIOLATED - 20002 / NONE APPARENT,,S,,,O,PARKED,H,NOT APPLICABLE,,,,,,,,,,,,2001.0,ACUR,,,,,,,,,,,,,,
12136764,3660913,1,Driver,True,False,,B,UNKNOWN,,,,INATTENTION,OTHER,S,,,M,OTHER UNSAFE TURNING,G,IMPAIRMENT_NOT_KNOWN,,,,,,,,,,,,,,,,,,,,,,,,,,,
12136320,3660683,2,Driver,,False,,M,AIR BAG NOT DEPLOYED,G,OCCUPANT LAP SHOULDER HARNESS USED,,NONE APPARENT,,S,,,B,PROCEEDING STRAIGHT,A,HAD NOT BEEN DRINKING,,,M,MALE,,,CA,H,HISPANIC,,,2006.0,HOND,,,,,,,,,,,,,,
12136319,3660683,1,Bicyclist,True,False,,,,,,,NONE APPARENT,,E,,,B,PROCEEDING STRAIGHT,B,HBD-UNDER INFLUENCE,,,M,MALE,,,,W,WHITE,4.0,Bicycle,,,,,,,,,,,,,,,,
12136312,3660679,2,Bicyclist,,False,,,,,,CELL PHONE NOT IN USE,NONE APPARENT,,S,,,B,PROCEEDING STRAIGHT,A,HAD NOT BEEN DRINKING,,,M,MALE,,,,W,WHITE,4.0,Bicycle,,,,,,,,,,,,,,,,
12136311,3660679,1,Driver,True,False,,,,,,CELL PHONE NOT IN USE,INATTENTION,OTHER,S,,,A,STOPPED,A,HAD NOT BEEN DRINKING,,,M,MALE,,,CA,,,,,,TOYO,,,,,,,,,,,,,,
12136299,3660672,2,ParkedVehicle,,False,,,,,,,,,W,,,O,PARKED,H,NOT APPLICABLE,,,,,,,,,,,,2017.0,BUIC,,,,,,,,,,,,,,
12136298,3660672,1,Driver,True,False,,L,AIR BAG DEPLOYED,G,OCCUPANT LAP SHOULDER HARNESS USED,,,,W,,,B,PROCEEDING STRAIGHT,A,HAD NOT BEEN DRINKING,,,M,MALE,,,CA,W,WHITE,,,1998.0,TOYO,,,,,,,,,,,,,,
12136292,3660668,2,Driver,,False,,L,AIR BAG DEPLOYED,G,OCCUPANT LAP SHOULDER HARNESS USED,,UNINVOLVED VEHICLE,,W,,,B,PROCEEDING STRAIGHT,A,HAD NOT BEEN DRINKING,,,M,MALE,,,CA,A,ASIAN,,,2014.0,LEXU,,,,,,,,,,,,,,
12136291,3660668,1,Driver,True,False,,L,AIR BAG DEPLOYED,G,OCCUPANT LAP SHOULDER HARNESS USED,,UNINVOLVED VEHICLE,,E,,,E,MAKING LEFT TURN,A,HAD NOT BEEN DRINKING,,,F,FEMALE,,,CA,,,,,1995.0,NISS,,,,,,,,,,,,,,
12136283,3660664,2,Driver,,False,,M,AIR BAG NOT DEPLOYED,E,OCCUPANT SHOULDER HARNESS USED,,NONE APPARENT,,E,,,A,STOPPED,A,HAD NOT BEEN DRINKING,,,M,MALE,,,CA,H,HISPANIC,,,2004.0,HOND,,,,,,,,,,,,,,
12136282,3660664,1,Driver,True,False,,M,AIR BAG NOT DEPLOYED,E,OCCUPANT SHOULDER HARNESS USED,,INATTENTION,OTHER,E,,,B,PROCEEDING STRAIGHT,A,HAD NOT BEEN DRINKING,,,M,MALE,,,CA,A,ASIAN,,,2006.0,TOYO,,,,,,,,,,,,,,
12136273,3660659,2,Driver,,False,,,,,,,NONE APPARENT,,E,,,B,PROCEEDING STRAIGHT,A,HAD NOT BEEN DRINKING,,,F,FEMALE,,,CA,H,HISPANIC,,,2008.0,CHEV,,,,,,,,,,,,,,
12136272,3660659,1,Driver,True,False,,,,,,,NONE APPARENT,,S,,,B,PROCEEDING STRAIGHT,G,IMPAIRMENT_NOT_KNOWN,,,M,MALE,,,CA,H,HISPANIC,,,2001.0,SUZU,,,,,,,,,,,,,,
12136271,3660658,2,Pedestrian,,False,,,,,,,,,,,,R,OTHER,B,HBD-UNDER INFLUENCE,,,M,MALE,,,,H,HISPANIC,60.0,Pedestrian,,,,,,,,,,,,,,,,
12136270,3660658,1,Driver,True,False,,B,UNKNOWN,,,,VC SECTION VIOLATED - 20001,,,,,R,OTHER,G,IMPAIRMENT_NOT_KNOWN,,,,,,,,,,,,,,,,,,,,,,,,,,,
12136257,3660652,3,Driver,,False,,M,AIR BAG NOT DEPLOYED,G,OCCUPANT LAP SHOULDER HARNESS USED,,NONE APPARENT,,N,,,D,MAKING RIGHT TURN,H,NOT APPLICABLE,,,M,MALE,,,CA,B,BLACK,,,2004.0,HOND,,,,,,,,,,,,,,
12136256,3660652,2,Driver,,False,,L,AIR BAG DEPLOYED,G,OCCUPANT LAP SHOULDER HARNESS USED,,NONE APPARENT,,W,,,B,PROCEEDING STRAIGHT,H,NOT APPLICABLE,,,F,FEMALE,,,CA,,,,,1998.0,NISS,,,,,,,,,,,,,,
12136255,3660652,1,Driver,True,False,,L,AIR BAG DEPLOYED,G,OCCUPANT LAP SHOULDER HARNESS USED,,NONE APPARENT,,N,,,E,MAKING LEFT TURN,H,NOT APPLICABLE,,,M,MALE,,,CA,H,HISPANIC,,,2013.0,LEXU,,,,,,,,,,,,,,
12136250,3660649,4,Driver,,False,,,,,,CELL PHONE NOT IN USE,NONE APPARENT,,,,,A,STOPPED,A,HAD NOT BEEN DRINKING,,,F,FEMALE,,,CA,A,ASIAN,,,2012.0,CHRY,,,,,,,,,,,,,,
12136249,3660649,3,Driver,,False,,,,,,CELL PHONE NOT IN USE,NONE APPARENT,,,,,A,STOPPED,A,HAD NOT BEEN DRINKING,,,M,MALE,,,CA,A,ASIAN,,,2005.0,LEXU,,,,,,,,,,,,,,
12136248,3660649,2,Driver,,False,,,,,,CELL PHONE NOT IN USE,NONE APPARENT,,,,,A,STOPPED,A,HAD NOT BEEN DRINKING,,,M,MALE,,,,H,HISPANIC,,,2007.0,HOND,,,,,,,,,,,,,,
12136247,3660649,1,Driver,True,False,,,,,,,NONE APPARENT,,,,,B,PROCEEDING STRAIGHT,G,IMPAIRMENT_NOT_KNOWN,,,,,,,,,,,,2005.0,FORD,,,,,,,,,,,,,,
12136238,3660644,2,Driver,,False,,M,AIR BAG NOT DEPLOYED,,,,NONE APPARENT,,N,,,B,PROCEEDING STRAIGHT,A,HAD NOT BEEN DRINKING,,,F,FEMALE,,,,A,ASIAN,,,2001.0,NISS,,,,,,,,,,,,,,
12136237,3660644,1,Driver,True,False,,M,AIR BAG NOT DEPLOYED,C,OCCUPANT LAP BELT USED,,NONE APPARENT,,W,,,B,PROCEEDING STRAIGHT,A,HAD NOT BEEN DRINKING,,,F,FEMALE,,,,H,HISPANIC,,,2003.0,INFI,,,,,,,,,,,,,,
12136236,3660643,2,Driver,,False,,M,AIR BAG NOT DEPLOYED,G,OCCUPANT LAP SHOULDER HARNESS USED,,,,N,,,B,PROCEEDING STRAIGHT,A,HAD NOT BEEN DRINKING,,,F,FEMALE,,,CA,H,HISPANIC,,,2009.0,TOYO,,,,,,,,,,,,,,
12136235,3660643,1,Driver,True,False,,M,AIR BAG NOT DEPLOYED,G,OCCUPANT LAP SHOULDER HARNESS USED,,,,N,,,B,PROCEEDING STRAIGHT,A,HAD NOT BEEN DRINKING,,,M,MALE,,,CA,W,WHITE,,,2004.0,FORD,,,,,,,,,,,,,,
12136232,3660641,2,Driver,,False,,M,AIR BAG NOT DEPLOYED,G,OCCUPANT LAP SHOULDER HARNESS USED,,VC SECTION VIOLATED - 22350,,E,,,B,PROCEEDING STRAIGHT,A,HAD NOT BEEN DRINKING,,,M,MALE,,,CA,W,WHITE,,,2007.0,NISS,,,,,,,,,,,,,,
12136231,3660641,1,Driver,True,False,,L,AIR BAG DEPLOYED,G,OCCUPANT LAP SHOULDER HARNESS USED,,NONE APPARENT,,N,,,E,MAKING LEFT TURN,A,HAD NOT BEEN DRINKING,,,F,FEMALE,,,CA,,,,,2014.0,FORD,,,,,,,,,,,,,,
12136222,3660636,2,Driver,,False,,M,AIR BAG NOT DEPLOYED,G,OCCUPANT LAP SHOULDER HARNESS USED,,NONE APPARENT,,N,,,A,STOPPED,A,HAD NOT BEEN DRINKING,,,F,FEMALE,,,CA,O,OTHER,,,2003.0,HOND,,,,,,,,,,,,,,
12136221,3660636,1,Driver,True,False,,M,AIR BAG NOT DEPLOYED,G,OCCUPANT LAP SHOULDER HARNESS USED,,NONE APPARENT,,N,,,B,PROCEEDING STRAIGHT,A,HAD NOT BEEN DRINKING,,,M,MALE,,,CA,H,HISPANIC,,,2007.0,,,,,,,,,,,,,,,
12136220,3660635,2,Driver,,False,,,,,,,,,,,,,,,,,,,,,,,,,,,,,,,,,,,,,,,,,,
12136219,3660635,1,Bicyclist,,False,,,,,,,,,S,,,B,PROCEEDING STRAIGHT,,,,,M,MALE,,,,H,HISPANIC,4.0,Bicycle,,,,,,,,,,,,,,,,
12136213,3660632,2,Pedestrian,,False,,,,,,,,,E,,,,,A,HAD NOT BEEN DRINKING,,,M,MALE,,,,,,60.0,Pedestrian,,,,,,,,,,,,,,,,
12136212,3660632,1,Driver,True,False,,,,,,,,,N,,,G,BACKING,A,HAD NOT BEEN DRINKING,,,F,FEMALE,,,CA,,,,,2011.0,MITS,,,,,,,,,,,,,,
12136174,3660612,2,Driver,True,False,,,,,,,,,E,,,B,PROCEEDING STRAIGHT,G,IMPAIRMENT_NOT_KNOWN,,,M,MALE,,,,H,HISPANIC,,,,,,,,,,,,,,,,,,
12136173,3660612,1,Driver,,False,,M,AIR BAG NOT DEPLOYED,G,OCCUPANT LAP SHOULDER HARNESS USED,,NONE APPARENT,,E,,,A,STOPPED,A,HAD NOT BEEN DRINKING,,,F,FEMALE,,,CA,,,,,2010.0,CHEV,,,,,,,,,,,,,,
12136164,3660608,2,Driver,,False,,M,AIR BAG NOT DEPLOYED,G,OCCUPANT LAP SHOULDER HARNESS USED,,,,W,,,B,PROCEEDING STRAIGHT,A,HAD NOT BEEN DRINKING,,,M,MALE,,,CA,H,HISPANIC,,,2005.0,NISS,,,,,,,,,,,,,,
12136163,3660608,1,Driver,True,False,,M,AIR BAG NOT DEPLOYED,G,OCCUPANT LAP SHOULDER HARNESS USED,,,,N,,,L,ENTERING TRAFFICD,A,HAD NOT BEEN DRINKING,,,F,FEMALE,,,CA,H,HISPANIC,,,2011.0,TOYO,,,,,,,,,,,,,,
12135841,3660459,2,Pedestrian,,False,,,,,,,,,,,,,,,,,,F,FEMALE,,,,W,WHITE,60.0,Pedestrian,,,,,,,,,,,,,,,,
12135840,3660459,1,Bicyclist,True,False,,,,,,,,,N,,,B,PROCEEDING STRAIGHT,A,HAD NOT BEEN DRINKING,,,M,MALE,,,,A,ASIAN,4.0,Bicycle,,,,,,,,,,,,,,,,
12135833,3660454,2,Driver,,False,,L,AIR BAG DEPLOYED,G,OCCUPANT LAP SHOULDER HARNESS USED,,,,W,,,E,MAKING LEFT TURN,A,HAD NOT BEEN DRINKING,,,M,MALE,,,CA,A,ASIAN,,,2017.0,TESL,,,,,,,,,,,,,,
12135832,3660454,1,Driver,True,False,,L,AIR BAG DEPLOYED,G,OCCUPANT LAP SHOULDER HARNESS USED,,,,N,,,B,PROCEEDING STRAIGHT,A,HAD NOT BEEN DRINKING,,,F,FEMALE,,,CA,A,ASIAN,,,2008.0,HOND,,,,,,,,,,,,,,
12135827,3660451,2,Driver,,False,,M,AIR BAG NOT DEPLOYED,G,OCCUPANT LAP SHOULDER HARNESS USED,CELL PHONE NOT IN USE,,,N,,,A,STOPPED,A,HAD NOT BEEN DRINKING,,,F,FEMALE,,,CA,O,OTHER,,,2009.0,TOYO,,,,,,,,,,,,,,
12135826,3660451,1,Driver,True,False,,M,AIR BAG NOT DEPLOYED,G,OCCUPANT LAP SHOULDER HARNESS USED,CELL PHONE NOT IN USE,INATTENTION,OTHER,N,,,B,PROCEEDING STRAIGHT,A,HAD NOT BEEN DRINKING,,,F,FEMALE,,,CA,O,OTHER,,,2005.0,HYUN,,,,,,,,,,,,,,
12135818,3660447,2,Driver,,False,,L,AIR BAG DEPLOYED,G,OCCUPANT LAP SHOULDER HARNESS USED,,,,N,,,B,PROCEEDING STRAIGHT,C,HBD-NOT UNDER INFLUENCE,,,M,MALE,,,CA,H,HISPANIC,,,2007.0,HOND,,,,,,,,,,,,,,
12135817,3660447,1,Driver,True,False,,L,AIR BAG DEPLOYED,G,OCCUPANT LAP SHOULDER HARNESS USED,,PREVIOUS COLLISION,,S,,,E,MAKING LEFT TURN,C,HBD-NOT UNDER INFLUENCE,,,M,MALE,,,CA,W,WHITE,,,2012.0,NISS,,,,,,,,,,,,,,
12135766,3660425,4,Driver,,False,,M,AIR BAG NOT DEPLOYED,G,OCCUPANT LAP SHOULDER HARNESS USED,,,,S,,,B,PROCEEDING STRAIGHT,A,HAD NOT BEEN DRINKING,,,F,FEMALE,,,CA,,,,,2016.0,BUIC,,,,,,,,,,,,,,
12135765,3660425,3,Driver,,False,,,,,,,,,S,,,A,STOPPED,A,HAD NOT BEEN DRINKING,,,M,MALE,,,CA,H,HISPANIC,,,2002.0,CHEV,,,,,,,,,,,,,,
12135764,3660425,2,Driver,,False,,M,AIR BAG NOT DEPLOYED,G,OCCUPANT LAP SHOULDER HARNESS USED,,,,S,,,B,PROCEEDING STRAIGHT,A,HAD NOT BEEN DRINKING,,,F,FEMALE,,,CA,H,HISPANIC,,,2001.0,BMWX,,,,,,,,,,,,,,
12135763,3660425,1,Driver,True,False,,L,AIR BAG DEPLOYED,G,OCCUPANT LAP SHOULDER HARNESS USED,,,,S,,,B,PROCEEDING STRAIGHT,A,HAD NOT BEEN DRINKING,,,M,MALE,,,CA,,,,,2000.0,NISS,,,,,,,,,,,,,,
12135754,3660420,2,Driver,,False,,M,AIR BAG NOT DEPLOYED,G,OCCUPANT LAP SHOULDER HARNESS USED,CELL PHONE NOT IN USE,NONE APPARENT,,S,,,A,STOPPED,A,HAD NOT BEEN DRINKING,,,M,MALE,,,CA,A,ASIAN,1.0,PassengerCarStationWagonJeep,2000.0,HOND,,,,,,,,,,,,,,
12135753,3660420,1,Driver,True,False,,M,AIR BAG NOT DEPLOYED,G,OCCUPANT LAP SHOULDER HARNESS USED,CELL PHONE NOT IN USE,NONE APPARENT,,S,,,B,PROCEEDING STRAIGHT,A,HAD NOT BEEN DRINKING,,,M,MALE,,,CA,H,HISPANIC,1.0,PassengerCarStationWagonJeep,1998.0,TOYO,,,,,,,,,,,,,,
12135747,3660417,2,Driver,,False,,P,NOT REQUIRED,A,OCCUPANT NONE IN VEHICLE,,,,N,,,B,PROCEEDING STRAIGHT,A,HAD NOT BEEN DRINKING,,,M,MALE,,,CA,H,HISPANIC,,,2002.0,HOND,,,,,,,,,,,,,,
12135746,3660417,1,Driver,True,False,,M,AIR BAG NOT DEPLOYED,G,OCCUPANT LAP SHOULDER HARNESS USED,,UNINVOLVED VEHICLE,,S,,,I,PASSING OTHER VEHICLE,A,HAD NOT BEEN DRINKING,,,F,FEMALE,,,CA,H,HISPANIC,,,2005.0,FORD,,,,,,,,,,,,,,
12135548,3660323,2,ParkedVehicle,,False,,,,,,,NONE APPARENT,,,,,O,PARKED,H,NOT APPLICABLE,,,,,,,,,,,,2001.0,HOND,,,,,,,,,,,,,,
12135547,3660323,1,Driver,True,False,,L,AIR BAG DEPLOYED,G,OCCUPANT LAP SHOULDER HARNESS USED,,NONE APPARENT,,E,,,M,OTHER UNSAFE TURNING,C,HBD-NOT UNDER INFLUENCE,I,SLEEPY/FATIGUED,M,MALE,,,CA,W,WHITE,,,2015.0,BMWX,,,,,,,,,,,,,,
12135540,3660319,2,Driver,,False,,M,AIR BAG NOT DEPLOYED,G,OCCUPANT LAP SHOULDER HARNESS USED,,NONE APPARENT,,N,,,B,PROCEEDING STRAIGHT,A,HAD NOT BEEN DRINKING,,,M,MALE,,,CA,H,HISPANIC,,,1994.0,HOND,,,,,,,,,,,,,,
12135539,3660319,1,Driver,True,False,,P,NOT REQUIRED,,,,NONE APPARENT,,S,,,E,MAKING LEFT TURN,A,HAD NOT BEEN DRINKING,,,M,MALE,,,CA,,,,,1997.0,DUCA,,,,,,,,,,,,,,
12135531,3660315,2,Driver,,False,,M,AIR BAG NOT DEPLOYED,G,OCCUPANT LAP SHOULDER HARNESS USED,,,,N,,,B,PROCEEDING STRAIGHT,G,IMPAIRMENT_NOT_KNOWN,,,M,MALE,,,CA,A,ASIAN,,,2001.0,TOYO,,,,,,,,,,,,,,
12135530,3660315,1,Driver,True,False,,M,AIR BAG NOT DEPLOYED,G,OCCUPANT LAP SHOULDER HARNESS USED,,,,S,,,B,PROCEEDING STRAIGHT,G,IMPAIRMENT_NOT_KNOWN,,,M,MALE,,,CA,H,HISPANIC,,,1987.0,HOND,,,,,,,,,,,,,,
12135524,3660311,3,Pedestrian,,False,,,,,,,NONE APPARENT,,N,,,R,OTHER,A,HAD NOT BEEN DRINKING,,,M,MALE,,,,A,ASIAN,60.0,Pedestrian,,,,,,,,,,,,,,,,
12135523,3660311,2,Pedestrian,,False,,,,,,,NONE APPARENT,,S,,,R,OTHER,A,HAD NOT BEEN DRINKING,,,F,FEMALE,,,,A,ASIAN,60.0,Pedestrian,,,,,,,,,,,,,,,,
12135522,3660311,1,Driver,True,False,,M,AIR BAG NOT DEPLOYED,G,OCCUPANT LAP SHOULDER HARNESS USED,,VISION OBSCUREMENT,,S,,,E,MAKING LEFT TURN,A,HAD NOT BEEN DRINKING,,,M,MALE,,,CA,O,OTHER,,,2015.0,HOND,,,,,,,,,,,,,,
12135513,3660307,3,Pedestrian,,False,,,,,,,,,S,,,,,,,,,M,MALE,,,,H,HISPANIC,60.0,Pedestrian,,,,,,,,,,,,,,,,
12135512,3660307,2,Pedestrian,,False,,,,,,,,,S,,,,,,,,,F,FEMALE,,,,H,HISPANIC,60.0,Pedestrian,,,,,,,,,,,,,,,,
12135511,3660307,1,Driver,True,False,,M,AIR BAG NOT DEPLOYED,G,OCCUPANT LAP SHOULDER HARNESS USED,,,,W,,,E,MAKING LEFT TURN,A,HAD NOT BEEN DRINKING,,,M,MALE,,,,,,,,2010.0,INFI,,,,,,,,,,,,,,
12135385,3660243,2,Driver,,False,,M,AIR BAG NOT DEPLOYED,G,OCCUPANT LAP SHOULDER HARNESS USED,,,,S,,,B,PROCEEDING STRAIGHT,A,HAD NOT BEEN DRINKING,,,F,FEMALE,,,CA,W,WHITE,,,2007.0,TOYO,,,,,,,,,,,,,,
12135384,3660243,1,Driver,True,False,,M,AIR BAG NOT DEPLOYED,G,OCCUPANT LAP SHOULDER HARNESS USED,,,,E,,,D,MAKING RIGHT TURN,A,HAD NOT BEEN DRINKING,,,F,FEMALE,,,CA,W,WHITE,,,1999.0,CHEV,,,,,,,,,,,,,,
12135278,3660191,2,Driver,,False,,,,,,,NONE APPARENT,,S,,,H,SLOWING/STOPPING,A,HAD NOT BEEN DRINKING,,,M,MALE,,,CA,W,WHITE,,,2016.0,KIAX,,,,,,,,,,,,,,
12135277,3660191,1,Driver,True,False,,M,AIR BAG NOT DEPLOYED,G,OCCUPANT LAP SHOULDER HARNESS USED,,VC SECTION VIOLATED - 23152 A,,S,,,B,PROCEEDING STRAIGHT,B,HBD-UNDER INFLUENCE,,,M,MALE,,,CA,W,WHITE,,,2002.0,CHEV,,,,,,,,,,,,,,
12135268,3660184,2,Pedestrian,,False,,,,,,CELL PHONE NOT IN USE,NONE APPARENT,,N,,,B,PROCEEDING STRAIGHT,H,NOT APPLICABLE,,,M,MALE,,,,W,WHITE,60.0,Pedestrian,,,,,,,,,,,,,,,,
12135267,3660184,1,Driver,True,False,,B,UNKNOWN,,,,VC SECTION VIOLATED - 22350,,E,,,D,MAKING RIGHT TURN,H,NOT APPLICABLE,,,,,,,,,,,,,,,,,,,,,,,,,,,
12135258,3660179,2,Driver,,False,,P,NOT REQUIRED,,,CELL PHONE NOT IN USE,NONE APPARENT,,N,,,B,PROCEEDING STRAIGHT,C,HBD-NOT UNDER INFLUENCE,,,M,MALE,,,CA,H,HISPANIC,,,2003.0,KAWA,,,,,,,,,,,,,,
12135257,3660179,1,Driver,True,False,,B,UNKNOWN,,,CELL PHONE NOT IN USE,NONE APPARENT,,N,,,J,CHANGING LANES,D,HBD-IMPAIRMENT UNKNOWN,,,,,,,,,,,,,FORD,,,,,,,,,,,,,,
12135244,3660172,2,Driver,,False,,,,,,,NONE APPARENT,,S,,,E,MAKING LEFT TURN,G,IMPAIRMENT_NOT_KNOWN,,,,,,,,,,,,1992.0,HOND,,,,,,,,,,,,,,
12135243,3660172,1,Bicyclist,True,False,,,,,,CELL PHONE NOT IN USE,NONE APPARENT,,E,,,B,PROCEEDING STRAIGHT,A,HAD NOT BEEN DRINKING,,,M,MALE,,,,H,HISPANIC,4.0,Bicycle,,,,,,,,,,,,,,,,
12135239,3660169,2,Bicyclist,,False,,,,,,,NONE APPARENT,,E,,,B,PROCEEDING STRAIGHT,A,HAD NOT BEEN DRINKING,,,M,MALE,,,,H,HISPANIC,4.0,Bicycle,,,,,,,,,,,,,,,,
12135238,3660169,1,Driver,True,False,,B,UNKNOWN,,,,VC SECTION VIOLATED - 22350,,S,,,B,PROCEEDING STRAIGHT,G,IMPAIRMENT_NOT_KNOWN,,,,,,,,,,,,1997.0,TOYO,,,,,,,,,,,,,,
12135232,3660165,2,Driver,True,False,,M,AIR BAG NOT DEPLOYED,B,OCCUPANT UNKNOWN,CELL PHONE NOT IN USE,NONE APPARENT,,N,,,D,MAKING RIGHT TURN,A,HAD NOT BEEN DRINKING,,,F,FEMALE,,,CA,H,HISPANIC,,,2006.0,HOND,,,,,,,,,,,,,,
12135231,3660165,1,Bicyclist,,False,,,,,,CELL PHONE NOT IN USE,INATTENTION,OTHER,S,,,A,STOPPED,A,HAD NOT BEEN DRINKING,,,M,MALE,,,,H,HISPANIC,4.0,Bicycle,,,,,,,,,,,,,,,,
12135172,3660134,2,Driver,,False,,,,,,,,,W,,,A,STOPPED,A,HAD NOT BEEN DRINKING,,,F,FEMALE,,,CA,H,HISPANIC,,,2006.0,DODG,,,,,,,,,,,,,,
12135171,3660134,1,Driver,,False,,,,,,,,,W,,,B,PROCEEDING STRAIGHT,D,HBD-IMPAIRMENT UNKNOWN,,,,,,,,,,,,,,,,,,,,,,,,,,,
12135163,3660130,2,Driver,True,False,,,,,,CELL PHONE NOT IN USE,,,N,,,E,MAKING LEFT TURN,H,NOT APPLICABLE,,,M,MALE,,,CA,H,HISPANIC,,,1997.0,GMCX,,,,,,,,,,,,,,
12135162,3660130,1,Driver,,False,,P,NOT REQUIRED,G,OCCUPANT LAP SHOULDER HARNESS USED,CELL PHONE NOT IN USE,,,W,,,B,PROCEEDING STRAIGHT,,,,,M,MALE,,,,H,HISPANIC,,,1995.0,HOND,,,,,,,,,,,,,,
12135108,3660106,4,Driver,,False,,M,AIR BAG NOT DEPLOYED,G,OCCUPANT LAP SHOULDER HARNESS USED,,,,N,,,B,PROCEEDING STRAIGHT,,,,,F,FEMALE,,,,H,HISPANIC,,,2009.0,NISS,,,,,,,,,,,,,,
12135107,3660106,3,Driver,,False,,,,,,,,,W,,,A,STOPPED,A,HAD NOT BEEN DRINKING,,,F,FEMALE,,,,H,HISPANIC,,,2011.0,JEEP,,,,,,,,,,,,,,
12135106,3660106,2,Driver,,False,,B,UNKNOWN,G,OCCUPANT LAP SHOULDER HARNESS USED,,,,W,,,A,STOPPED,A,HAD NOT BEEN DRINKING,,,F,FEMALE,,,,H,HISPANIC,,,2005.0,CHEV,,,,,,,,,,,,,,
12135105,3660106,1,Driver,True,False,,M,AIR BAG NOT DEPLOYED,G,OCCUPANT LAP SHOULDER HARNESS USED,,INATTENTION,OTHER,W,,,B,PROCEEDING STRAIGHT,A,HAD NOT BEEN DRINKING,,,F,FEMALE,,,CA,O,OTHER,,,2001.0,BMWX,,,,,,,,,,,,,,
12135096,3660101,2,Driver,,False,,M,AIR BAG NOT DEPLOYED,G,OCCUPANT LAP SHOULDER HARNESS USED,,NONE APPARENT,,W,,,B,PROCEEDING STRAIGHT,A,HAD NOT BEEN DRINKING,,,M,MALE,,,CA,W,WHITE,,,2013.0,HOND,,,,,,,,,,,,,,
12135095,3660101,1,Pedestrian,True,False,,,,,,,NONE APPARENT,,N,,,L,ENTERING TRAFFICD,A,HAD NOT BEEN DRINKING,,,F,FEMALE,,,,W,WHITE,60.0,Pedestrian,,,,,,,,,,,,,,,,