PartyId,CollisionId,PartyNumber,PartyType,IsAtFault,IsOnDutyEmergencyVehicle,IsHitAndRun,AirbagCode,AirbagDescription,SafetyEquipmentCode,SafetyEquipmentDescription,Special Information,Other Associate Factor,Inattention,DirectionOfTravel,StreetOrHighwayName,SpeedLimit,MovementPrecCollCode,MovementPrecCollDescription,SobrietyDrugPhysicalCode1,SobrietyDrugPhysicalDescription1,SobrietyDrugPhysicalCode2,SobrietyDrugPhysicalDescription2,GenderCode,GenderDescription,StatedAge,DriverLicenseClass,DriverLicenseStateCode,RaceCode,RaceDesc,Vehicle1TypeId, Vehicle1TypeDesc, Vehicle1Year,Vehicle1Make,Vehicle1Model,Vehicle1Color,V1IsVehicleTowed,Vehicle2TypeId, Vehicle2TypeDesc, Vehicle2Year,Vehicle2Make,Vehicle2Model,Vehicle2Color,V2IsVehicleTowed,Lane,ThruLanes,TotalLanes,IsDREConducted
12174650,3679460,1,Driver,True,False,,M,AIR BAG NOT DEPLOYED,G,OCCUPANT LAP SHOULDER HARNESS USED,,NONE APPARENT,,N,,,E,MAKING LEFT TURN,A,HAD NOT BEEN DRINKING,,,M,MALE,,,CA,H,HISPANIC,,,2016.0,CHEV,,,,,,,,,,,,,,
12174649,3679459,2,Driver,,False,,,,,,,,,,,,B,PROCEEDING STRAIGHT,A,HAD NOT BEEN DRINKING,,,M,MALE,,C,CA,H,HISPANIC,1.0,PassengerCarStationWagonJeep,2015.0,DODG,,,,,,,,,,,,,,
12174648,3679459,1,Driver,True,False,,,,,,,,,,,,P,MERGING,G,IMPAIRMENT_NOT_KNOWN,,,M,MALE,,,,H,HISPANIC,,,,FORD,,,,,,,,,,,,,,
12174644,3679456,2,Driver,,False,,,,,,,,,S,,,,,,,,,M,MALE,,,CA,H,HISPANIC,,,2000.0,MERB,,,,,,,,,,,,,,
12174643,3679456,1,Driver,True,False,,M,AIR BAG NOT DEPLOYED,G,OCCUPANT LAP SHOULDER HARNESS USED,,,,S,,,,,,,,,F,FEMALE,,,CA,H,HISPANIC,,,2000.0,SUBA,,,,,,,,,,,,,,
12173869,3679076,2,ParkedVehicle,,False,,,,,,,,,N,,,,,,,,,,,,,,,,,,2010.0,TOYO,,,,,,,,,,,,,,
12173868,3679076,1,Driver,True,False,,M,AIR BAG NOT DEPLOYED,G,OCCUPANT LAP SHOULDER HARNESS USED,,,,N,,,,,,,,,F,FEMALE,,F,CT,A,ASIAN,,,2003.0,BMWX,,,,,,,,,,,,,,
12173446,3678879,2,Bicyclist,,False,,,,,,,,,E,,,B,PROCEEDING STRAIGHT,A,HAD NOT BEEN DRINKING,,,F,FEMALE,,,,H,HISPANIC,4.0,Bicycle,,,,,,,,,,,,,,,,
12173445,3678879,1,Driver,True,False,,,,,,,,,S,,,D,MAKING RIGHT TURN,G,IMPAIRMENT_NOT_KNOWN,,,,,,,,,,,,,NISS,,,,,,,,,,,,,,
12173435,3678874,2,Pedestrian,,False,,,,,,,,,,,,,,,,,,F,FEMALE,,,,H,HISPANIC,60.0,Pedestrian,,,,,,,,,,,,,,,,
12173434,3678874,1,Driver,,False,,,,,,,NONE APPARENT,,S,,,E,MAKING LEFT TURN,A,HAD NOT BEEN DRINKING,,,M,MALE,,,CA,H,HISPANIC,,,2001.0,DODG,,,,,,,,,,,,,,
12173399,3678855,2,Driver,,False,,M,AIR BAG NOT DEPLOYED,G,OCCUPANT LAP SHOULDER HARNESS USED,CELL PHONE NOT IN USE,NONE APPARENT,,N,,,B,PROCEEDING STRAIGHT,A,HAD NOT BEEN DRINKING,,,F,FEMALE,,,CA,W,WHITE,,,2000.0,BUIC,,,,,,,,,,,,,,
12173398,3678855,1,Pedestrian,True,False,,,,,,,,,E,,,,,,,,,M,MALE,,,,W,WHITE,60.0,Pedestrian,,,,,,,,,,,,,,,,
12172726,3678518,2,Driver,,False,,P,NOT REQUIRED,,,,,,,,,B,PROCEEDING STRAIGHT,A,HAD NOT BEEN DRINKING,,,M,MALE,,,CA,W,WHITE,,,2003.0,GMCX,,,,,,,,,,,,,,
12172725,3678518,1,Driver,True,False,,L,AIR BAG DEPLOYED,,,,,,,,,B,PROCEEDING STRAIGHT,A,HAD NOT BEEN DRINKING,,,F,FEMALE,,,CA,H,HISPANIC,,,2012.0,FORD,,,,,,,,,,,,,,
12171887,3678099,1,Driver,True,False,,M,AIR BAG NOT DEPLOYED,B,OCCUPANT UNKNOWN,,ENTERING OR LEAVING RAMP,,,,,L,ENTERING TRAFFICD,G,IMPAIRMENT_NOT_KNOWN,,,M,MALE,,,,H,HISPANIC,,,2013.0,AUDI,,,,,,,,,,,,,,
12171784,3678045,2,Driver,,False,,L,AIR BAG DEPLOYED,G,OCCUPANT LAP SHOULDER HARNESS USED,,NONE APPARENT,,N,,,B,PROCEEDING STRAIGHT,A,HAD NOT BEEN DRINKING,,,M,MALE,,,CA,W,WHITE,,,2005.0,VOLV,,,,,,,,,,,,,,
12171783,3678045,1,Pedestrian,True,False,,,,,,,NONE APPARENT,,E,,,B,PROCEEDING STRAIGHT,A,HAD NOT BEEN DRINKING,,,M,MALE,,,,H,HISPANIC,60.0,Pedestrian,,,,,,,,,,,,,,,,
12168542,3676458,2,ParkedVehicle,,False,,,,,,,,,,,,O,PARKED,,,,,,,,,,,,22.0,PickupsAndPanels,2002.0,FORD,,,,,,,,,,,,,,
12168541,3676458,1,Driver,True,False,,M,AIR BAG NOT DEPLOYED,C,OCCUPANT LAP BELT USED,CELL PHONE NOT IN USE,VC SECTION VIOLATED - 22106 / NONE APPARENT,,S,,,G,BACKING,A,HAD NOT BEEN DRINKING,,,M,MALE,,B,CA,W,WHITE,10.0,TourBus,2013.0,OTBX,,,,,,,,,,,,,,
12168452,3676418,2,Driver,,False,,M,AIR BAG NOT DEPLOYED,E,OCCUPANT SHOULDER HARNESS USED,,NONE APPARENT,,S,,,G,BACKING,A,HAD NOT BEEN DRINKING,,,F,FEMALE,,,,H,HISPANIC,,,2005.0,DODG,,,,,,,,,,,,,,
12168451,3676418,1,Driver,True,False,,,,,,,NONE APPARENT,,W,,,B,PROCEEDING STRAIGHT,G,IMPAIRMENT_NOT_KNOWN,,,,,,,,,,,,2017.0,MAZD,,,,,,,,,,,,,,
12168395,3676388,2,Driver,,False,,,,,,,,,S,,,B,PROCEEDING STRAIGHT,,,,,M,MALE,,,CA,W,WHITE,,,2000.0,HARL,,,,,,,,,,,,,,
12168394,3676388,1,Driver,True,False,,,,,,,VC SECTION VIOLATED - 20001,,S,,,D,MAKING RIGHT TURN,,,,,,,,,,,,,,,,,,,,,,,,,,,,,
12168389,3676385,1,Driver,True,False,,L,AIR BAG DEPLOYED,G,OCCUPANT LAP SHOULDER HARNESS USED,,VC SECTION VIOLATED - 02800 1,,S,,,B,PROCEEDING STRAIGHT,G,IMPAIRMENT_NOT_KNOWN,,,M,MALE,,,,W,WHITE,,,2014.0,NISS,,,,,,,,,,,,,,
12168380,3676380,2,Driver,,False,,L,AIR BAG DEPLOYED,G,OCCUPANT LAP SHOULDER HARNESS USED,,NONE APPARENT,,E,,,B,PROCEEDING STRAIGHT,A,HAD NOT BEEN DRINKING,,,M,MALE,,,CA,,,,,1997.0,HOND,,,,,,,,,,,,,,
12168379,3676380,1,Driver,True,False,,M,AIR BAG NOT DEPLOYED,G,OCCUPANT LAP SHOULDER HARNESS USED,,NONE APPARENT,,W,,,E,MAKING LEFT TURN,A,HAD NOT BEEN DRINKING,,,M,MALE,,,CA,,,,,2013.0,SUBA,,,,,,,,,,,,,,
12168360,3676369,1,Driver,True,False,,L,AIR BAG DEPLOYED,B,OCCUPANT UNKNOWN,,VC SECTION VIOLATED - 22350,,E,,,B,PROCEEDING STRAIGHT,D,HBD-IMPAIRMENT UNKNOWN,,,,,,,,,,,,2006.0,BMWX,,,,,,,,,,,,,,
12167708,3676049,2,Driver,,False,,M,AIR BAG NOT DEPLOYED,G,OCCUPANT LAP SHOULDER HARNESS USED,,NONE APPARENT,,N,,,B,PROCEEDING STRAIGHT,A,HAD NOT BEEN DRINKING,,,M,MALE,,,CA,W,WHITE,,,2013.0,CHEV,,,,,,,,,,,,,,
12167707,3676049,1,Driver,True,False,,L,AIR BAG DEPLOYED,G,OCCUPANT LAP SHOULDER HARNESS USED,,NONE APPARENT,,N,,,A,STOPPED,A,HAD NOT BEEN DRINKING,,,F,FEMALE,,,CA,O,OTHER,,,2017.0,BMWX,,,,,,,,,,,,,,
12167698,3676045,2,Pedestrian,,False,,,,,,,,,W,,,R,OTHER,A,HAD NOT BEEN DRINKING,,,F,FEMALE,,,,O,OTHER,60.0,Pedestrian,,,,,,,,,,,,,,,,
12167697,3676045,1,Driver,True,False,,M,AIR BAG NOT DEPLOYED,G,OCCUPANT LAP SHOULDER HARNESS USED,,VISION OBSCUREMENT,,S,,,D,MAKING RIGHT TURN,A,HAD NOT BEEN DRINKING,,,M,MALE,,,CA,H,HISPANIC,,,2002.0,TOYO,,,,,,,,,,,,,,
12167693,3676042,2,Driver,,False,,M,AIR BAG NOT DEPLOYED,G,OCCUPANT LAP SHOULDER HARNESS USED,,,,N,,,B,PROCEEDING STRAIGHT,A,HAD NOT BEEN DRINKING,,,M,MALE,,,CA,W,WHITE,,,2003.0,HYUN,,,,,,,,,,,,,,
12167692,3676042,1,Bicyclist,True,False,,,,,,,VC SECTION VIOLATED - 21802 A,,W,,,D,MAKING RIGHT TURN,A,HAD NOT BEEN DRINKING,,,M,MALE,,,,H,HISPANIC,4.0,Bicycle,,,,,,,,,,,,,,,,
12167686,3676038,2,Driver,,False,,,,,,,STOP & GO TRAFFIC,,,,,B,PROCEEDING STRAIGHT,A,HAD NOT BEEN DRINKING,,,M,MALE,,,CA,,,,,2007.0,TOYO,,,,,,,,,,,,,,
12167685,3676038,1,Driver,True,False,,,,,,,STOP & GO TRAFFIC,,,,,L,ENTERING TRAFFICD,A,HAD NOT BEEN DRINKING,,,M,MALE,,,CA,,,,,2006.0,FORD,,,,,,,,,,,,,,
12167677,3676034,2,Bicyclist,,False,,,,,,,,,N,,,B,PROCEEDING STRAIGHT,A,HAD NOT BEEN DRINKING,,,M,MALE,,,,A,ASIAN,4.0,Bicycle,,,,,,,,,,,,,,,,
12167676,3676034,1,Driver,True,False,,M,AIR BAG NOT DEPLOYED,G,OCCUPANT LAP SHOULDER HARNESS USED,,,,N,,,D,MAKING RIGHT TURN,A,HAD NOT BEEN DRINKING,,,F,FEMALE,,,CA,A,ASIAN,,,2005.0,TOYO,,,,,,,,,,,,,,
12167669,3676030,1,Driver,True,False,,L,AIR BAG DEPLOYED,G,OCCUPANT LAP SHOULDER HARNESS USED,CELL PHONE NOT IN USE,VC SECTION VIOLATED - 23152 / ENTERING OR LEAVING RAMP,,N,,,B,PROCEEDING STRAIGHT,B,HBD-UNDER INFLUENCE,,,F,FEMALE,,,CA,W,WHITE,,,2015.0,TOYO,,,,,,,,,,,,,,
12167664,3676027,2,Driver,,False,,M,AIR BAG NOT DEPLOYED,G,OCCUPANT LAP SHOULDER HARNESS USED,CELL PHONE NOT IN USE,,,N,,,B,PROCEEDING STRAIGHT,A,HAD NOT BEEN DRINKING,,,M,MALE,,,CA,H,HISPANIC,,,1998.0,FORD,,,,,,,,,,,,,,
12167663,3676027,1,Driver,True,False,,L,AIR BAG DEPLOYED,G,OCCUPANT LAP SHOULDER HARNESS USED,CELL PHONE NOT IN USE,VC SECTION VIOLATED - 22350,,N,,,B,PROCEEDING STRAIGHT,B,HBD-UNDER INFLUENCE,,,M,MALE,,,CA,,,,,2012.0,LEXU,,,,,,,,,,,,,,
12167656,3676023,2,Driver,,False,,M,AIR BAG NOT DEPLOYED,G,OCCUPANT LAP SHOULDER HARNESS USED,,,,N,,,B,PROCEEDING STRAIGHT,A,HAD NOT BEEN DRINKING,,,F,FEMALE,,,CA,A,ASIAN,,,2008.0,MERB,,,,,,,,,,,,,,
12167655,3676023,1,Driver,True,False,,M,AIR BAG NOT DEPLOYED,G,OCCUPANT LAP SHOULDER HARNESS USED,,VC SECTION VIOLATED - 22350,,N,,,B,PROCEEDING STRAIGHT,B,HBD-UNDER INFLUENCE,,,M,MALE,,,CA,A,ASIAN,,,2005.0,SUBA,,,,,,,,,,,,,,
12167648,3676019,2,Driver,,False,,M,AIR BAG NOT DEPLOYED,B,OCCUPANT UNKNOWN,,,,E,,,A,STOPPED,A,HAD NOT BEEN DRINKING,,,M,MALE,,,CA,H,HISPANIC,,,2001.0,FORD,,,,,,,,,,,,,,
12167647,3676019,1,Driver,True,False,,M,AIR BAG NOT DEPLOYED,B,OCCUPANT UNKNOWN,,,,E,,,B,PROCEEDING STRAIGHT,A,HAD NOT BEEN DRINKING,,,F,FEMALE,,,CA,H,HISPANIC,,,2014.0,KIAX,,,,,,,,,,,,,,
12167620,3676007,2,Driver,True,False,,L,AIR BAG DEPLOYED,G,OCCUPANT LAP SHOULDER HARNESS USED,,,,E,,,J,CHANGING LANES,A,HAD NOT BEEN DRINKING,,,M,MALE,,,CA,W,WHITE,,,2004.0,BMWX,,,,,,,,,,,,,,
12167619,3676007,1,Driver,,False,,L,AIR BAG DEPLOYED,B,OCCUPANT UNKNOWN,,,,E,,,I,PASSING OTHER VEHICLE,D,HBD-IMPAIRMENT UNKNOWN,,,,,,,,,,,,2015.0,FORD,,,,,,,,,,,,,,
12167613,3676003,2,Pedestrian,,False,,,,,,,,,W,,,B,PROCEEDING STRAIGHT,H,NOT APPLICABLE,,,M,MALE,,,,H,HISPANIC,60.0,Pedestrian,,,,,,,,,,,,,,,,
12167612,3676003,1,Driver,True,False,,B,UNKNOWN,,,,,,S,,,B,PROCEEDING STRAIGHT,G,IMPAIRMENT_NOT_KNOWN,,,,,,,,,,,,,MERB,,,,,,,,,,,,,,
12167604,3675999,2,Driver,,False,,,,,,,VC SECTION VIOLATED - 20001,,S,,,B,PROCEEDING STRAIGHT,,,,,,,,,,,,,,,,,,,,,,,,,,,,,
12167603,3675999,1,Pedestrian,True,False,,,,,,,,,E,,,L,ENTERING TRAFFICD,,,,,M,MALE,,,,W,WHITE,60.0,Pedestrian,,,,,,,,,,,,,,,,
12167596,3675995,2,Driver,,False,,M,AIR BAG NOT DEPLOYED,G,OCCUPANT LAP SHOULDER HARNESS USED,CELL PHONE NOT IN USE,NONE APPARENT,,S,,,L,ENTERING TRAFFICD,A,HAD NOT BEEN DRINKING,,,F,FEMALE,,,CA,H,HISPANIC,,,2012.0,CHEV,,,,,,,,,,,,,,
12167595,3675995,1,Driver,,False,,B,UNKNOWN,,,,,,S,,,B,PROCEEDING STRAIGHT,G,IMPAIRMENT_NOT_KNOWN,,,,,,,,,,,,,,,,,,,,,,,,,,,
12167588,3675991,2,Bicyclist,,False,,,,,,,,,W,,,B,PROCEEDING STRAIGHT,A,HAD NOT BEEN DRINKING,,,M,MALE,,,,,,4.0,Bicycle,,,,,,,,,,,,,,,,
12167587,3675991,1,Driver,True,False,,,,,,,INATTENTION,OTHER,N,,,B,PROCEEDING STRAIGHT,G,IMPAIRMENT_NOT_KNOWN,,,,,,,,,,,,,FORD,,,,,,,,,,,,,,
12167580,3675987,2,Pedestrian,,False,,,,,,,NONE APPARENT,,W,,,B,PROCEEDING STRAIGHT,A,HAD NOT BEEN DRINKING,,,M,MALE,,,,W,WHITE,60.0,Pedestrian,,,,,,,,,,,,,,,,
12167579,3675987,1,Driver,True,False,,,,,,,NONE APPARENT,,S,,,B,PROCEEDING STRAIGHT,G,IMPAIRMENT_NOT_KNOWN,,,,,,,,,,,,1998.0,VOLV,,,,,,,,,,,,,,
12167572,3675983,2,Driver,,False,,M,AIR BAG NOT DEPLOYED,G,OCCUPANT LAP SHOULDER HARNESS USED,CELL PHONE NOT IN USE,,,S,,,A,STOPPED,A,HAD NOT BEEN DRINKING,,,M,MALE,,,CA,H,HISPANIC,,,2007.0,GMCX,,,,,,,,,,,,,,
12167571,3675983,1,Driver,True,False,,M,AIR BAG NOT DEPLOYED,B,OCCUPANT UNKNOWN,CELL PHONE NOT IN USE,,,S,,,B,PROCEEDING STRAIGHT,D,HBD-IMPAIRMENT UNKNOWN,,,,,,,,,,,,1999.0,HOND,,,,,,,,,,,,,,
12167566,3675980,6,ParkedVehicle,,False,,,,,,,,,,,,,,,,,,,,,,,,,,,1994.0,NISS,,,,,,,,,,,,,,
12167565,3675980,5,ParkedVehicle,,False,,,,,,,,,,,,,,,,,,,,,,,,,,,2003.0,NISS,,,,,,,,,,,,,,
12167564,3675980,4,Driver,,False,,M,AIR BAG NOT DEPLOYED,G,OCCUPANT LAP SHOULDER HARNESS USED,,,,W,,,,,,,,,F,FEMALE,,,CA,,,,,2003.0,TOYO,,,,,,,,,,,,,,
12167563,3675980,3,Driver,,False,,M,AIR BAG NOT DEPLOYED,G,OCCUPANT LAP SHOULDER HARNESS USED,CELL PHONE NOT IN USE,,,W,,,B,PROCEEDING STRAIGHT,A,HAD NOT BEEN DRINKING,,,M,MALE,,,,,,,,2006.0,TOYO,,,,,,,,,,,,,,
12167562,3675980,2,Driver,,False,,M,AIR BAG NOT DEPLOYED,G,OCCUPANT LAP SHOULDER HARNESS USED,CELL PHONE NOT IN USE,,,W,,,B,PROCEEDING STRAIGHT,A,HAD NOT BEEN DRINKING,,,F,FEMALE,,,CA,,,,,2015.0,HOND,,,,,,,,,,,,,,
12167561,3675980,1,Driver,True,False,,,,,,CELL PHONE NOT IN USE,,,,,,B,PROCEEDING STRAIGHT,D,HBD-IMPAIRMENT UNKNOWN,,,,,,,,,,,,,,,,,,,,,,,,,,,
12187111,3685511,1,Driver,True,False,,,,,,CELL PHONE NOT IN USE,,,E,,,H,SLOWING/STOPPING,A,HAD NOT BEEN DRINKING,,,M,MALE,,,CA,W,WHITE,,,2017.0,HOND,,,,,,,,,,,,,,
12187104,3685507,2,Driver,,False,,M,AIR BAG NOT DEPLOYED,G,OCCUPANT LAP SHOULDER HARNESS USED,,NONE APPARENT,,E,,,B,PROCEEDING STRAIGHT,A,HAD NOT BEEN DRINKING,,,F,FEMALE,,,CA,W,WHITE,,,2006.0,CHEV,,,,,,,,,,,,,,
12187103,3685507,1,Bicyclist,True,False,,,,,,,VC SECTION VIOLATED - 23152 B / NONE APPARENT,,S,,,B,PROCEEDING STRAIGHT,B,HBD-UNDER INFLUENCE,,,M,MALE,,,,H,HISPANIC,4.0,Bicycle,,,,,,,,,,,,,,,,
12187097,3685503,2,Driver,,False,,L,AIR BAG DEPLOYED,G,OCCUPANT LAP SHOULDER HARNESS USED,,VC SECTION VIOLATED - 12500 A,,N,,,A,STOPPED,H,NOT APPLICABLE,,,F,FEMALE,,,CA,H,HISPANIC,,,2015.0,CHEV,,,,,,,,,,,,,,
12187096,3685503,1,Driver,True,False,,,,,,,VC SECTION VIOLATED - 20001,,,,,B,PROCEEDING STRAIGHT,H,NOT APPLICABLE,,,,,,,,,,,,,,,,,,,,,,,,,,,
12187081,3685494,4,ParkedVehicle,,False,,,,,,,,,E,,,O,PARKED,H,NOT APPLICABLE,,,,,,,,,,,,1983.0,CHEV,,,,,,,,,,,,,,
12187080,3685494,3,ParkedVehicle,,False,,,,,,,,,E,,,O,PARKED,H,NOT APPLICABLE,,,,,,,,,,,,2005.0,TOYO,,,,,,,,,,,,,,
12187079,3685494,2,ParkedVehicle,,False,,,,,,,,,E,,,O,PARKED,H,NOT APPLICABLE,,,,,,,,,,,,2006.0,TOYO,,,,,,,,,,,,,,
12187078,3685494,1,Driver,True,False,,L,AIR BAG DEPLOYED,G,OCCUPANT LAP SHOULDER HARNESS USED,CELL PHONE NOT IN USE,NONE APPARENT,,E,,,M,OTHER UNSAFE TURNING,A,HAD NOT BEEN DRINKING,I,SLEEPY/FATIGUED,M,MALE,,,CA,H,HISPANIC,,,2013.0,HOND,,,,,,,,,,,,,,
12186932,3685419,2,Driver,,False,,M,AIR BAG NOT DEPLOYED,G,OCCUPANT LAP SHOULDER HARNESS USED,,NONE APPARENT,,W,,,E,MAKING LEFT TURN,A,HAD NOT BEEN DRINKING,,,F,FEMALE,,,CA,H,HISPANIC,,,2017.0,HOND,,,,,,,,,,,,,,
12186931,3685419,1,Driver,True,False,,P,NOT REQUIRED,W,MOTOR BICYCLE DRIVER WITH HELMET,,NONE APPARENT,,W,,,B,PROCEEDING STRAIGHT,A,HAD NOT BEEN DRINKING,,,M,MALE,,,CA,W,WHITE,,,2000.0,HOND,,,,,,,,,,,,,,
12186930,3685418,2,Driver,,False,,M,AIR BAG NOT DEPLOYED,G,OCCUPANT LAP SHOULDER HARNESS USED,,NONE APPARENT,,W,,,B,PROCEEDING STRAIGHT,A,HAD NOT BEEN DRINKING,,,M,MALE,,,CA,H,HISPANIC,1.0,PassengerCarStationWagonJeep,2010.0,TOYO,,,,,,,,,,,,,,
12186929,3685418,1,Driver,,False,,M,AIR BAG NOT DEPLOYED,G,OCCUPANT LAP SHOULDER HARNESS USED,,NONE APPARENT,,E,,,B,PROCEEDING STRAIGHT,A,HAD NOT BEEN DRINKING,,,M,MALE,,,CA,A,ASIAN,1.0,PassengerCarStationWagonJeep,2002.0,TOYO,,,,,,,,,,,,,,
12186924,3685415,2,Driver,,False,,M,AIR BAG NOT DEPLOYED,G,OCCUPANT LAP SHOULDER HARNESS USED,,NONE APPARENT,,W,,,B,PROCEEDING STRAIGHT,A,HAD NOT BEEN DRINKING,,,F,FEMALE,,,CA,W,WHITE,,,1998.0,VOLV,,,,,,,,,,,,,,
12186923,3685415,1,Driver,True,False,,M,AIR BAG NOT DEPLOYED,G,OCCUPANT LAP SHOULDER HARNESS USED,,VISION OBSCUREMENT,,S,,,L,ENTERING TRAFFICD,A,HAD NOT BEEN DRINKING,,,F,FEMALE,,,CA,W,WHITE,,,2014.0,MERB,,,,,,,,,,,,,,
12186915,3685411,2,Driver,,False,,L,AIR BAG DEPLOYED,G,OCCUPANT LAP SHOULDER HARNESS USED,,,,W,,,B,PROCEEDING STRAIGHT,A,HAD NOT BEEN DRINKING,,,M,MALE,,,CA,W,WHITE,,,2009.0,BMWX,,,,,,,,,,,,,,
12186914,3685411,1,Driver,True,False,,L,AIR BAG DEPLOYED,G,OCCUPANT LAP SHOULDER HARNESS USED,,,,N,,,B,PROCEEDING STRAIGHT,A,HAD NOT BEEN DRINKING,,,M,MALE,,,CA,H,HISPANIC,,,2006.0,TOYO,,,,,,,,,,,,,,
12186907,3685407,2,Driver,,False,,,,,,,,,N,,,B,PROCEEDING STRAIGHT,D,HBD-IMPAIRMENT UNKNOWN,,,M,MALE,,,CA,,,1.0,PassengerCarStationWagonJeep,2013.0,HOND,,,,,,,,,,,,,,
12186906,3685407,1,Driver,True,False,,,,,,,,,N,,,A,STOPPED,A,HAD NOT BEEN DRINKING,,,M,MALE,,,CA,,,,,2008.0,,,,,,,,,,,,,,,
12186900,3685403,2,Driver,,False,,M,AIR BAG NOT DEPLOYED,G,OCCUPANT LAP SHOULDER HARNESS USED,,,,W,,,,,,,,,M,MALE,,,CA,H,HISPANIC,22.0,PickupsAndPanels,2002.0,CHEV,,,,,,,,,,,,,,
12186899,3685403,1,Driver,,False,,M,AIR BAG NOT DEPLOYED,G,OCCUPANT LAP SHOULDER HARNESS USED,,NONE APPARENT,,W,,,D,MAKING RIGHT TURN,A,HAD NOT BEEN DRINKING,,,M,MALE,,,CA,H,HISPANIC,1.0,PassengerCarStationWagonJeep,2017.0,HOND,,,,,,,,,,,,,,
12186018,3684970,2,Pedestrian,True,False,,,,,,,NONE APPARENT,,S,,,,,A,HAD NOT BEEN DRINKING,,,M,MALE,,,,H,HISPANIC,60.0,Pedestrian,,,,,,,,,,,,,,,,
12186017,3684970,1,Driver,,False,,M,AIR BAG NOT DEPLOYED,G,OCCUPANT LAP SHOULDER HARNESS USED,,NONE APPARENT,,W,,,B,PROCEEDING STRAIGHT,A,HAD NOT BEEN DRINKING,,,F,FEMALE,,,CA,H,HISPANIC,,,2009.0,GMCX,,,,,,,,,,,,,,
12186012,3684967,4,Driver,,False,,M,AIR BAG NOT DEPLOYED,G,OCCUPANT LAP SHOULDER HARNESS USED,,,,W,,,H,SLOWING/STOPPING,A,HAD NOT BEEN DRINKING,,,M,MALE,,,CA,,,,,2016.0,HOND,,,,,,,,,,,,,,
12186011,3684967,3,Driver,,False,,M,AIR BAG NOT DEPLOYED,G,OCCUPANT LAP SHOULDER HARNESS USED,,,,W,,,H,SLOWING/STOPPING,A,HAD NOT BEEN DRINKING,,,M,MALE,,,CA,W,WHITE,,,2006.0,HOND,,,,,,,,,,,,,,
12186010,3684967,2,Driver,,False,,M,AIR BAG NOT DEPLOYED,G,OCCUPANT LAP SHOULDER HARNESS USED,,,,W,,,H,SLOWING/STOPPING,A,HAD NOT BEEN DRINKING,,,M,MALE,,,CA,H,HISPANIC,,,2014.0,DODG,,,,,,,,,,,,,,
12186009,3684967,1,Driver,True,False,,L,AIR BAG DEPLOYED,G,OCCUPANT LAP SHOULDER HARNESS USED,,INATTENTION,OTHER,W,,,B,PROCEEDING STRAIGHT,A,HAD NOT BEEN DRINKING,,,M,MALE,,,CA,H,HISPANIC,,,1995.0,FORD,,,,,,,,,,,,,,
12185999,3684962,2,ParkedVehicle,,False,,,,,,CELL PHONE NOT IN USE,,,,,,O,PARKED,C,HBD-NOT UNDER INFLUENCE,,,,,,,,,,,,1982.0,CHEV,,,,,,,,,,,,,,
12185998,3684962,1,Driver,True,False,,M,AIR BAG NOT DEPLOYED,G,OCCUPANT LAP SHOULDER HARNESS USED,CELL PHONE NOT IN USE,INATTENTION,OTHER,E,,,B,PROCEEDING STRAIGHT,C,HBD-NOT UNDER INFLUENCE,,,F,FEMALE,,,CA,H,HISPANIC,,,2015.0,SUBA,,,,,,,,,,,,,,
12185991,3684958,2,Driver,,False,,M,AIR BAG NOT DEPLOYED,E,OCCUPANT SHOULDER HARNESS USED,,,,S,,,B,PROCEEDING STRAIGHT,A,HAD NOT BEEN DRINKING,,,M,MALE,,,CA,B,BLACK,,,2011.0,FORD,,,,,,,,,,,,,,
12185990,3684958,1,Driver,True,False,,M,AIR BAG NOT DEPLOYED,E,OCCUPANT SHOULDER HARNESS USED,,VC SECTION VIOLATED - 21802 A / ENTERING OR LEAVING RAMP,,W,,,A,STOPPED,A,HAD NOT BEEN DRINKING,,,M,MALE,,,CA,B,BLACK,,,2004.0,NISS,,,,,,,,,,,,,,
12184990,3684474,2,Driver,,False,,L,AIR BAG DEPLOYED,G,OCCUPANT LAP SHOULDER HARNESS USED,,NONE APPARENT,,S,,,E,MAKING LEFT TURN,A,HAD NOT BEEN DRINKING,,,M,MALE,,,CA,H,HISPANIC,,,2015.0,TOYO,,,,,,,,,,,,,,
12184989,3684474,1,Driver,True,False,,L,AIR BAG DEPLOYED,G,OCCUPANT LAP SHOULDER HARNESS USED,,NONE APPARENT,,W,,,B,PROCEEDING STRAIGHT,A,HAD NOT BEEN DRINKING,,,M,MALE,,,CA,A,ASIAN,,,2007.0,LEXU,,,,,,,,,,,,,,
12184983,3684471,2,Pedestrian,,False,,,,,,,NONE APPARENT,,N,,,R,OTHER,A,HAD NOT BEEN DRINKING,,,F,FEMALE,,,,H,HISPANIC,60.0,Pedestrian,,,,,,,,,,,,,,,,
12184982,3684471,1,Driver,True,False,,M,AIR BAG NOT DEPLOYED,G,OCCUPANT LAP SHOULDER HARNESS USED,,NONE APPARENT,,S,,,E,MAKING LEFT TURN,A,HAD NOT BEEN DRINKING,,,F,FEMALE,,,CA,A,ASIAN,,,2008.0,HOND,,,,,,,,,,,,,,
12184977,3684468,2,Driver,,False,,P,NOT REQUIRED,,,,,,W,,,B,PROCEEDING STRAIGHT,A,HAD NOT BEEN DRINKING,,,M,MALE,,,CA,H,HISPANIC,,,2014.0,HOND,,,,,,,,,,,,,,
12184976,3684468,1,Driver,True,False,,M,AIR BAG NOT DEPLOYED,G,OCCUPANT LAP SHOULDER HARNESS USED,,,,W,,,J,CHANGING LANES,A,HAD NOT BEEN DRINKING,,,F,FEMALE,,,CA,A,ASIAN,,,1999.0,LEXU,,,,,,,,,,,,,,
12184969,3684464,2,Driver,,False,,L,AIR BAG DEPLOYED,G,OCCUPANT LAP SHOULDER HARNESS USED,,,,S,,,B,PROCEEDING STRAIGHT,A,HAD NOT BEEN DRINKING,,,F,FEMALE,,,CA,A,ASIAN,,,2008.0,KIAX,,,,,,,,,,,,,,
12184968,3684464,1,Driver,True,False,,M,AIR BAG NOT DEPLOYED,G,OCCUPANT LAP SHOULDER HARNESS USED,,INATTENTION,OTHER,E,,,D,MAKING RIGHT TURN,A,HAD NOT BEEN DRINKING,,,M,MALE,,,CA,W,WHITE,,,2005.0,GMCX,,,,,,,,,,,,,,